ball_init_position_x,ball_init_position_y,ball_init_position_z,estimated_init_vel_x,estimated_init_vel_y,estimated_init_vel_z,intercept_y,intercept_z,table_hit_point_x,table_hit_point_y,table_hit_point_z,paddle_hitting_vel_joint3,paddle_hitting_vel_joint4,paddle_hitting_vel_joint5
4.0,0.0,1.46,-8.205716402364267,0.002044332361812475,-1.3792551884455229,0.0010463676172306545,1.2876409414970278,0.9392374028293861,-0.5021426176455105,0.8035340139093299,-7.332504503460612,6.998170381717188,-19.27383280632967
4.0,0.0,1.46,-6.414627996720839,-0.2372569587651247,-2.496571800365075,-0.15534481926667057,1.3438816745975943,0.5943186422647018,-0.5248948724256406,0.5288790121550743,12.245646840794322,8.91927440774678,9.104797395765502
4.0,0.0,1.46,-9.433143016510215,0.14911053259117238,-0.7685696362432637,0.06638977441419203,1.1254655529929027,1.4894091664293652,-0.6499699312369578,0.7992030928301556,2.256616579758301,6.259046857271662,-10.541195008598336
4.0,0.0,1.46,-5.392127189764793,-0.0919970995443797,-3.35692660236095,-0.07165777150431965,1.1744992437882324,0.5763872741858025,-0.06397335831791325,-0.0028610209898672564,17.42945153495007,8.201448780262027,-13.660805070248871
4.0,0.0,1.46,-9.075891132793963,-0.20043249305979602,-0.937768725829855,-0.09275303752921887,1.2053235434554768,1.2220139580600529,-0.752216855393267,0.8002722549904361,-3.902395980565938,12.62681511165377,-8.241126747131272
4.0,0.0,1.46,-6.9098258173629645,0.0012422540200258058,-2.1495757404086113,0.0007550793640843982,1.347568706836399,0.588914918512739,-0.38024749623648135,0.650395419744388,5.203816204112776,5.844505604073491,-11.779568269858697
4.0,0.0,1.46,-6.9098258173629645,0.0012422540200258058,-2.1495757404086113,0.0007550793640843982,1.347568706836399,0.6722190897060634,0.6656074927136082,0.7967797810668511,5.203816204112776,5.844505604073491,-11.779568269858697
4.0,0.0,1.46,-7.372087373225895,-0.471802526143584,-1.8551392310321724,-0.2687936956634241,1.3342664542388631,1.1484785640797275,-0.7556787383907476,0.799111817872364,10.757828553595719,14.327109504276107,16.354318470934814
4.0,0.0,1.46,-7.0930113995832755,-0.1342758506272951,-2.0298429135825025,-0.07950904642106917,1.3435342650917426,0.6686937802727049,-0.5066906017717606,0.794540515848366,5.305749430017489,13.773336368262825,0.2901328242688521
4.0,0.0,1.46,-7.0930113995832755,-0.1342758506272951,-2.0298429135825025,-0.07950904642106917,1.3435342650917426,0.6832568134921557,-0.5142178910443425,0.8068630236413844,5.305749430017489,13.773336368262825,0.2901328242688521
4.0,0.0,1.46,-7.035262258271757,-0.40470673352391473,-2.067121417034059,-0.24160695342976418,1.3442695325415641,0.9593501017182356,-0.6624968119816113,0.7998966882252302,15.997743720994258,13.65685996904537,12.18030585819151
4.0,0.0,1.46,-7.399857463425654,0.18861558710531517,-1.8382423689595662,0.10705415202357063,1.3342227505043038,0.6853887066156148,-0.2634622496878908,0.7954485185011522,15.05007047124306,13.87005269776989,4.713601738887768
4.0,0.0,1.46,-6.853772300481857,-0.4101288544102382,-2.1870673933035434,-0.2513274607039246,1.347288620138141,0.595156254657581,-0.7124913300034492,0.6794677450406897,-5.470534601801212,6.094580016834066,1.1552236953651693
4.0,0.0,1.46,-5.143038141912761,-0.08852216282421088,-3.606351595991324,-0.07229055542711008,1.105375136606883,1.4895338860687146,-0.14588207539902742,0.7995604087011146,-12.650837440078648,14.375178032417733,17.33365225796441
4.0,0.0,1.46,-5.143038141912761,-0.08852216282421088,-3.606351595991324,-0.07229055542711008,1.105375136606883,2.6732580395192285,-0.19306727528617582,0.7941997450730225,-12.650837440078648,14.375178032417733,17.33365225796441
4.0,0.0,1.46,-5.143038141912761,-0.08852216282421088,-3.606351595991324,-0.07229055542711008,1.105375136606883,2.683706721885604,-0.19348377702315359,0.8016980207130205,-12.650837440078648,14.375178032417733,17.33365225796441
4.0,0.0,1.46,-5.7220433002474635,-0.022518565331424645,-3.053574512924637,-0.01652870651780864,1.246231197865798,0.5875462357617057,-0.440719026173027,0.0026088845442501646,3.860408015685401,8.155479094691957,0.3590130010852448
4.0,0.0,1.46,-9.215170428334503,0.05519397243425897,-0.8710912535272186,0.025155767440948405,1.1741653598442756,1.4472484585573602,-0.6897411031339646,0.8012550979626516,9.624240870254049,14.845671381224099,-17.119343745825173
4.0,0.0,1.46,-5.6026555886117535,0.11818149001825824,-3.1600923465907726,0.08859410510358984,1.221534203590716,0.5913204543624611,-0.30745182064136534,0.14362113314486952,5.758533200781606,9.360134693470897,7.225481822257276
4.0,0.0,1.46,-7.443171508440862,0.4290747301840209,-1.8120194005368973,0.24211639685169375,1.3328080069584676,0.8675378363075231,-0.17519778681573453,0.8003477267205624,-13.493107376535018,9.230649999881212,15.302259746200988
4.0,0.0,1.46,-7.992444001269696,0.05462972817125744,-1.495283345990046,0.028707721728526495,1.3027145148024712,0.6963992793000517,-0.34957943454385687,0.7980901582078758,-3.519413409156119,10.903475538430278,8.19173224085057
4.0,0.0,1.46,-8.644908160310933,-0.18758429893494763,-1.1506094521060817,-0.09113504052522439,1.2504777262918156,1.1138338924045499,-0.6931636593030407,0.8029451872914769,14.185276831651393,7.470339525290052,-19.10438069785261
4.0,0.0,1.46,-5.805038604655799,-0.019279390572870227,-2.981542346804371,-0.013948820312945387,1.261226960868561,0.7310571366507947,0.6209643097315724,0.8022103151542251,-16.508941350632842,9.09733947175647,-15.054104821137507
4.0,0.0,1.46,-7.413785264868693,-0.08595649028778385,-1.8297940589450157,-0.04869540272759522,1.333252899438006,0.5959464255663909,-0.41589383458697754,0.6845130802472594,16.69655407566183,7.8091994805962015,-15.158782745451349
4.0,0.0,1.46,-7.413785264868693,-0.08595649028778385,-1.8297940589450157,-0.04869540272759522,1.333252899438006,0.5804708165797363,-0.4232159414259695,0.6714661806767863,16.69655407566183,7.8091994805962015,-15.158782745451349
4.0,0.0,1.46,-7.863217155250695,0.11339257126715331,-1.5673650205884293,0.06056665992036438,1.310919136674569,0.86668587429066,-0.3896902315191719,0.797702283095031,3.6577825641761947,8.10599486071894,-2.8379015550197124
4.0,0.0,1.46,-5.714655168489777,0.0037978147915339175,-3.060065357432755,0.00279121340731007,1.2445846176516826,1.0175338169687504,0.27490507776970424,0.7995376727601211,-16.107336472836735,7.991925208176086,10.05814783308822
4.0,0.0,1.46,-5.714655168489777,0.0037978147915339175,-3.060065357432755,0.00279121340731007,1.2445846176516826,1.5799664539807419,0.36498994608293317,0.7950388949196152,-16.107336472836735,7.991925208176086,10.05814783308822
4.0,0.0,1.46,-7.381499553552544,-0.002280906430124722,-1.8494142086471577,-0.0012978131255069025,1.3346468363582478,0.683436230521699,-0.40617568762834666,0.7956478015322578,-16.132492682263276,18.137476027228765,-16.815170176293556
4.0,0.0,1.46,-7.3684753388719315,0.2924560744217688,-1.8573542277772859,0.1666987342810971,1.3356102052055787,0.6687791617142064,-0.20426157325048153,0.7963403288209346,-11.018259473188348,9.586935933939543,10.374181873643934
4.0,0.0,1.46,-10.197337243557563,-0.29535773165479795,-0.42403788304033796,-0.12164964669908035,0.9469497283372144,0.5858799139548045,0.27948579592577366,0.7044460273698666,3.47324846756511,11.952554628768063,6.28616253660342
4.0,0.0,1.46,-6.262158524494481,0.08303363307938079,-2.61124459925405,0.05569026359989055,1.3232759886921015,0.5960983614150457,-0.31838099963025546,0.5313407813874954,1.0398100524505374,14.136619088265741,-15.877517388915226
4.0,0.0,1.46,-6.262158524494481,0.08303363307938079,-2.61124459925405,0.05569026359989055,1.3232759886921015,0.5816832567391059,-0.325541015355496,0.5146451238086273,1.0398100524505374,14.136619088265741,-15.877517388915226
4.0,0.0,1.46,-7.054845596064645,-0.01224254861156777,-2.0544424843781783,-0.007288423746264152,1.3447073539172045,0.5844021020218695,-0.381365492770486,0.6595980375072716,-4.378638227011971,12.903292458853747,-0.7867940198918753
4.0,0.0,1.46,-6.854003567254416,-0.0726354875981774,-2.1869245880640698,-0.04450961323828869,1.3481841130368974,0.9671785244402724,-0.4507941544112926,0.7934406278723338,10.833749822005537,19.544167964259934,15.815391236574001
4.0,0.0,1.46,-6.854003567254416,-0.0726354875981774,-2.1869245880640698,-0.04450961323828869,1.3481841130368974,0.99426480253718,-0.4604467604163889,0.8077213591060329,10.833749822005537,19.544167964259934,15.815391236574001
4.0,0.0,1.46,-5.992683090003901,-0.4465513982539839,-2.824356269105106,-0.3129676381177553,1.2971677487483542,0.5864877171345677,-0.6803105622218768,0.49634644062776373,9.561547528728923,8.072404505292814,12.591957065984552
4.0,0.0,1.46,-5.480830467243969,-0.31246089313986886,-3.272520667160972,-0.23944104073836753,1.1968852831154173,0.5904191131216343,-0.5999153180603096,0.1564816115436961,11.91487079024284,12.338949125221532,17.60062643902839
4.0,0.0,1.46,-8.308616344183335,0.308321459511688,-1.3244935428359206,0.15585629138546675,1.2797862457473173,0.9900068363146726,-0.29738281988050125,0.7984781075330053,-12.608250449963156,12.294078192527078,-14.88499876865966
4.0,0.0,1.46,-6.306645322690763,0.4470242780654915,-2.5773506976833893,0.2977021652256193,1.3214396264109456,0.5901013830404545,-0.010506048195303716,0.2955720026780709,-8.532733813575838,16.12528219083425,11.399897710332713
4.0,0.0,1.46,-9.415524409326359,-0.17654174001132628,-0.7767770437427579,-0.07875029321926211,1.1322546139502554,1.2582741307462053,-0.7617889455793918,0.7981022400586159,-13.700773721679024,16.26105309063911,-6.77907422582026
4.0,0.0,1.46,-7.785642413765679,0.46583769374112644,-1.6113078121257374,0.25129825000098127,1.3157973093014736,1.3438009160005415,-0.2422674490612317,0.7935502096732915,-15.844381960362659,15.01055801952734,-5.016888568941177
4.0,0.0,1.46,-7.785642413765679,0.46583769374112644,-1.6113078121257374,0.25129825000098127,1.3157973093014736,1.3713287067732607,-0.25120027918075005,0.8061550176292277,-15.844381960362659,15.01055801952734,-5.016888568941177
4.0,0.0,1.46,-6.713850361299549,-0.011042628111060734,-2.2825832162731174,-0.006907964218832819,1.3496845375232291,0.5872657836025201,-0.40059156727371087,0.6992159062736321,9.014608572851685,6.883022614228207,-12.36409693552349
4.0,0.0,1.46,-6.713850361299549,-0.011042628111060734,-2.2825832162731174,-0.006907964218832819,1.3496845375232291,0.7992000298247426,0.7319424390243704,0.7944383179857631,9.014608572851685,6.883022614228207,-12.36409693552349
4.0,0.0,1.46,-6.713850361299549,-0.011042628111060734,-2.2825832162731174,-0.006907964218832819,1.3496845375232291,0.8031390428476566,0.7405329987572701,0.8005761924659316,9.014608572851685,6.883022614228207,-12.36409693552349
4.0,0.0,1.46,-6.48754525424053,0.13052467402004725,-2.4431281962310614,0.08450093361982636,1.3432395293590296,0.9246244673122558,-0.25696849158094554,0.8084918240863758,18.60408774557878,15.1185330866222,10.86602224723146
4.0,0.0,1.46,-9.934378879603969,-0.0963979463532272,-0.5402670585766067,-0.04075457354609112,1.01042438063562,1.050335903872938,-0.6984168411322997,0.7965305519362142,-14.694382535009204,10.628257890962885,-1.665453881840861
4.0,0.0,1.46,-5.338658572117438,0.20329818549862444,-3.408876344327556,0.15993762619578133,1.1608311807251126,0.5872475914862789,-0.18748056884715153,0.0666416191865818,12.458034464226841,12.106209323222373,3.112301346494469
4.0,0.0,1.46,-6.1505455133834275,0.10218016816011743,-2.6978257789483706,0.06977538908356329,1.3102549558926528,0.5964957818073832,-0.3299659591543173,0.15375359773253422,-12.90920075506027,8.944549601548525,13.498307074117776
4.0,0.0,1.46,-6.1505455133834275,0.10218016816011743,-2.6978257789483706,0.06977538908356329,1.3102549558926528,0.586332534867929,-0.33565943607114596,0.133834379592493,-12.90920075506027,8.944549601548525,13.498307074117776
4.0,0.0,1.46,-6.27069280284271,0.16301095176547792,-2.6047165691480245,0.1091818749444455,1.3227960768281015,0.5972867150693998,-0.13198214363132177,0.7202920259858862,16.05495546093894,15.001400929545854,14.953098219849501
4.0,0.0,1.46,-6.27069280284271,0.16301095176547792,-2.6047165691480245,0.1091818749444455,1.3227960768281015,0.56852408938267,-0.14014440622590552,0.701746123705385,16.05495546093894,15.001400929545854,14.953098219849501
4.0,0.0,1.46,-7.089138587610719,0.1585737788893502,0.6824792530835033,0.09394792655051462,0.9452988375018309,0.8987143772026642,-0.11799342566274958,0.7982433380872128,-14.986697952249951,15.723501221389064,8.276180356638179
4.0,0.0,1.46,-6.051061702397185,-0.0837921200451506,-2.776997639721568,-0.058159529930130016,1.3003096980321736,0.5894810368230758,-0.42172441355309664,0.0043767204234606005,-4.956044705420908,9.244067477954037,9.041720078786906
4.0,0.0,1.46,-7.746723049617259,-0.43733800247941296,0.5165877566856913,-0.23710923943567155,0.9401826158908084,0.8313814468497431,-0.07327056498288324,0.7947339516366778,12.21202212166056,16.570244459990235,-18.731390709630148
4.0,0.0,1.46,-7.746723049617259,-0.43733800247941296,0.5165877566856913,-0.23710923943567155,0.9401826158908084,2.873809306191041,0.2525147681016163,0.7969497463827622,12.21202212166056,16.570244459990235,-18.731390709630148
4.0,0.0,1.46,-8.638300940174055,0.434614775630988,-1.1539476355175893,0.21131262620880276,1.251140904844368,1.184476664885415,-0.2938770547564641,0.7940862439424995,-18.910192635305844,16.12732220876172,16.516339755337263
4.0,0.0,1.46,-8.638300940174055,0.434614775630988,-1.1539476355175893,0.21131262620880276,1.251140904844368,1.2047136376331757,-0.3013974014312963,0.8045223268650976,-18.910192635305844,16.12732220876172,16.516339755337263
4.0,0.0,1.46,-8.664201386169985,-0.17990183435722595,-1.1408536722920637,-0.08720800344119851,1.2486587673265621,0.9310928616607883,-0.6059056611552992,0.7943988625392433,-3.117149811769984,9.787458821805538,4.818636572962763
4.0,0.0,1.46,-8.664201386169985,-0.17990183435722595,-1.1408536722920637,-0.08720800344119851,1.2486587673265621,0.9498751769305014,-0.6148710248333951,0.8042433082717356,-3.117149811769984,9.787458821805538,4.818636572962763
4.0,0.0,1.46,-6.52120702357184,0.03827472385784235,-2.4187473029270734,0.024650933427181505,1.3475684627151276,0.6813546940791692,-0.3344131080149223,0.8046232736073956,-5.434410683227334,17.797948561496902,-13.421645183476798
4.0,0.0,1.46,-6.690615287580641,-0.07210232744650469,-2.298711028987128,-0.04526187237778312,1.3496205416409268,0.8439607400544725,-0.43096423225031444,0.7975155268232342,6.347523207576586,19.70669882461974,-8.343399913622584
4.0,0.0,1.46,-8.573878706401743,0.24298929550336323,-1.186723296234895,0.11903072997196956,1.2570892129602904,1.2880947337467241,-0.46702625419477645,0.7933792132622544,-9.120573943797833,10.78849213108242,-4.333338874685593
4.0,0.0,1.46,-8.573878706401743,0.24298929550336323,-1.186723296234895,0.11903072997196956,1.2570892129602904,1.3077947402537682,-0.47494568112364377,0.8042976832343324,-9.120573943797833,10.78849213108242,-4.333338874685593
4.0,0.0,1.46,-6.849372006528647,0.23149416886928517,-2.1900384586766286,0.14195104431826006,1.3490540723215652,0.9391987658793894,-0.30774982657199373,0.8001851817977639,-16.082191110031104,14.873002619675425,-16.902380889369834
4.0,0.0,1.46,-7.750414567889017,-0.061211884161030995,-1.6314579134515839,-0.033171117651110874,1.3172755161008105,1.1999314582985972,-0.6709583377016866,0.8004537285119283,-7.002332394003012,17.829583677037498,-19.283807782449518
4.0,0.0,1.46,-5.61890290037983,-0.21330148762061216,-3.145384827763422,-0.15943793012440413,1.227345119601025,0.5681040578109195,-0.32843246523536873,0.5703387405774074,-17.923272747854327,19.237949654735004,14.985069594450103
4.0,0.0,1.46,-8.66282237113225,0.2350443463487992,-1.1415490414766971,0.11395665435258477,1.2488115130114172,0.9607134194714123,-0.34502650426920606,0.7944029994837563,-6.8981009102086155,9.05762200678922,-6.864729228707031
4.0,0.0,1.46,-8.66282237113225,0.2350443463487992,-1.1415490414766971,0.11395665435258477,1.2488115130114172,0.9792568414158676,-0.35262681144258734,0.8043408411413338,-6.8981009102086155,9.05762200678922,-6.864729228707031
4.0,0.0,1.46,-9.513301586762175,0.39093830190722484,-0.7313883832777179,0.1725942201070464,1.1051576730261823,1.355238103356877,-0.431368231369445,0.8020792695739929,7.40540633002691,16.922245274714776,1.4343140377096262
4.0,0.0,1.46,-5.212623234614142,0.23467715665562247,-3.534724995469123,0.18908791477743844,1.127530005598084,0.5934044298862546,-0.21671613604961815,0.632118946027787,-3.6065707146317116,6.13139028634151,-16.38978223675948
4.0,0.0,1.46,-8.524923932309214,-0.21751427377300733,-1.2118000265002138,-0.1071634136680405,1.2614281701617158,1.2520991695379045,-0.7378131186775815,0.8030816946712055,12.473348185071423,14.48564450448603,-5.830293336211465
4.0,0.0,1.46,-7.1331446655840125,-0.49487408745167094,-2.0041504433421764,-0.2913821693993146,1.3417721478101936,0.590671833778374,-0.7462688608164372,0.7291986739604944,-17.05406649859063,6.212411969180131,2.6294565149653977
4.0,0.0,1.46,-5.725934865797058,-0.005353433756082557,-3.050160893028764,-0.003926768694113826,1.2467932197098464,0.5948482866346916,-0.42482022547558185,-0.0126418836465266,-10.012307529588886,6.330613549925236,10.433433615098949
4.0,0.0,1.46,-7.961288657735643,0.12792091126837102,-1.5125337573173248,0.06748503294188662,1.3047997048388877,1.3453031316268291,-0.32285228565192975,0.7937437842915448,-11.433298392896187,19.691142760082194,18.908231185841338
4.0,0.0,1.46,-7.961288657735643,0.12792091126837102,-1.5125337573173248,0.06748503294188662,1.3047997048388877,1.3879824922224258,-0.33352045020656335,0.8085575699143365,-11.433298392896187,19.691142760082194,18.908231185841338
4.0,0.0,1.46,-8.183095669144045,0.278866174430676,-1.3913918712231776,0.14312895510011203,1.2894583532584916,1.454560071994515,-0.2907749156123184,0.8082956322304495,5.233719103515732,16.25097027840051,14.622559040289353
4.0,0.0,1.46,-5.917285564209607,-0.13325543693872766,-2.88660894984595,-0.09458269827770492,1.2812686883867557,0.5890063120990956,-0.4903873158319734,0.0659047764851958,-8.274185669503002,16.844326070818546,-1.287917886500157
4.0,0.0,1.46,-5.727462123130138,0.4695429721235277,-3.048799351607663,0.3443201265277066,1.2423801561756391,0.5827707792538618,0.15513259399701299,0.825774348550176,19.085441469712848,6.261592044145681,14.121523455385336
4.0,0.0,1.46,-6.021432258474491,0.0754837830833507,-2.800956850045715,0.05265057802549985,1.293853072207496,0.5933484492376455,-0.3378265936554311,0.12973569911786523,-4.848090543709649,5.868605836799675,14.639926579799265
4.0,0.0,1.46,-9.037299765505509,0.28293817683800954,-0.9564135464733603,0.13149285445365208,1.2068727174282174,2.315296422324802,-0.5571878261521819,0.805512619560307,18.49627483681605,19.94785918308959,12.233389168724166
4.0,0.0,1.46,-7.849992968817006,-0.443649380755494,-1.5748096210198526,-0.23736676027289214,1.3112388784743068,0.8126586789306197,-0.7659426795387421,0.8026275284268293,0.7734712647258455,12.04138225372477,-19.52871332695793
4.0,0.0,1.46,-7.145311538611168,0.044104370156065886,-1.9964224009667575,0.02592446160737751,1.3425372209231203,1.125062717535872,-0.37023833845985915,0.8024951436704021,-13.028751220567187,16.260368061324126,3.1309416081408017
4.0,0.0,1.46,-8.17154223445403,-0.11373996305347767,-1.3976114285325636,-0.058459937074108945,1.2901278684206563,1.5169292652122532,-0.7468972197119501,0.8016939959601435,-7.906327488080166,14.311226495599012,-15.841278047082849
4.0,0.0,1.46,-4.962694919086275,-0.2510107765215378,-3.7995897074256924,-0.21243402598372202,1.0440104180232308,1.315811069293041,0.1402403224503044,0.8008126506017533,-1.2805328224782713,11.16403728995831,12.804588478092917
4.0,0.0,1.46,-8.082769063108586,0.1331565251930191,-1.4457101861550647,0.06919131320517935,1.2966262715938275,0.9336640356593733,-0.40821591365670806,0.7955260995813062,-1.2969543103963517,8.062498168267101,2.037760145337515
4.0,0.0,1.46,-5.973605821676067,-0.2020557814772593,-2.840005586930072,-0.14206399075163287,1.2908835149967977,0.5850076747966206,-0.5353596479286803,0.7403049374212889,-16.885158474194128,9.600460155390888,-11.411097182163008
4.0,0.0,1.46,-8.381582062762192,-0.11977420622405155,-1.2861274568301617,-0.06001870081019446,1.273726745803771,1.0940109150161548,-0.6549811445466327,0.7999031369892761,-14.047486811655796,5.569567192819557,-7.114305955544232
4.0,0.0,1.46,-6.674097170782218,0.3726134595757642,-2.3102138102732717,0.2344851281262947,1.3510732519255282,0.5933063068271317,-0.0877968772172747,0.5381145948219616,-3.8245833621414036,16.687573266981126,-15.630008694094911
4.0,0.0,1.46,-6.524356750862879,-0.20509821621364321,-2.41647164828251,-0.13203025845933017,1.3491709440890194,0.8585594537307345,-0.468152631610667,0.7954351909505453,-12.036884123720357,18.15581703199328,18.797157916765038
4.0,0.0,1.46,-6.89129944358335,0.3235358951765531,-2.16191699791505,0.197183531330478,1.348680612771222,0.5870163578657911,-0.15320701598460254,0.6452939436350767,-7.324680015014078,11.155680370275485,-19.477552805485892
4.0,0.0,1.46,-7.8809821227814325,0.1994089193610237,-1.557370772307305,0.10627069675685483,1.3099094943270897,1.0295164819458162,-0.41016517822621834,0.8036458125073084,14.39128421823839,6.034930300402344,2.576720614797079
4.0,0.0,1.46,-8.128006017553346,0.16055282953343408,-1.4211239641775464,0.08296276880013978,1.2934319810634645,1.2303376575029854,-0.4919911298302703,0.7998019227811672,3.014441732605853,19.007271367167903,-17.60939153488306
4.0,0.0,1.46,-6.360099064518501,0.06070504943201532,-2.5371243439536073,0.04008761577894801,1.3335052173221453,0.5859236152848879,-0.35347604519248066,0.48821272413578404,5.929423885505333,7.679925867569251,19.612034445439377
4.0,0.0,1.46,-6.232189405633797,-0.15856823111000862,-2.634264995902331,-0.1068623764964517,1.3240975327768632,0.5930109082704723,-0.45414098675556835,0.6757522497821434,2.488877131003701,12.091491256905835,6.01060635813311
4.0,0.0,1.46,-8.660372021128389,0.08143178646887428,-1.1427895976646596,0.0394917796065659,1.2490357585263532,1.3493958127749177,-0.5284449371079533,0.7966768792708001,-6.5817369022318175,18.06557767407039,10.333103414662368
4.0,0.0,1.46,-9.40104429594868,0.44419070009275946,-0.7835252926596503,0.19844613871179806,1.1300329458753364,1.3253557397687716,-0.38417484180578654,0.7936696151153741,12.001740710610711,11.662448821470443,5.868030603434153
4.0,0.0,1.46,-9.40104429594868,0.44419070009275946,-0.7835252926596503,0.19844613871179806,1.1300329458753364,1.3464459059733989,-0.39246314819862865,0.8031139884757348,12.001740710610711,11.662448821470443,5.868030603434153
4.0,0.0,1.46,-11.056277928247837,-0.08641983757582246,-0.036163860951976545,-0.0328287078322366,0.7022502427194794,0.5896048095322769,-0.6137542063096645,0.7686782935112169,1.1839546759807575,12.903918774158297,-4.443939919144171
4.0,0.0,1.46,-5.589264312531199,-0.02087872899626645,-3.1722636784352964,-0.015689124163928973,1.2197142846855822,1.346777633056865,0.3933161888500089,0.7971993126665169,2.1651308744826565,19.76587827637824,-8.393054106134272
4.0,0.0,1.46,-5.589264312531199,-0.02087872899626645,-3.1722636784352964,-0.015689124163928973,1.2197142846855822,2.438636648682172,0.6663274215732949,0.7940673962822331,2.1651308744826565,19.76587827637824,-8.393054106134272
4.0,0.0,1.46,-5.589264312531199,-0.02087872899626645,-3.1722636784352964,-0.015689124163928973,1.2197142846855822,2.4513849429858636,0.6695150378251761,0.7998755339447702,2.1651308744826565,19.76587827637824,-8.393054106134272
4.0,0.0,1.46,-7.452209383984076,-0.3365370407619523,-1.8065793152712217,-0.18966933138485467,1.331325978289614,2.188859804871104,0.4241376165183177,0.7968414623057917,17.088072987766097,14.501196811763219,0.03076232443978455
4.0,0.0,1.46,-9.45667955851551,0.3494370915588596,-0.7576212484959299,0.15519567681931656,1.1183817402020189,1.488022678120827,-0.5068578980376829,0.801775414654734,-1.1125558439892878,9.527865083722025,19.791084705456974
4.0,0.0,1.46,-9.741714068605845,0.2675056371906088,-0.626890584791937,0.11533121053319384,1.0531984577103097,1.3842275159829172,-0.4190391627213628,0.796815825802235,-10.119180865578773,19.1866888492112,5.717184808069966
4.0,0.0,1.46,-9.878941016504363,-0.0649066768825309,0.12087600280777266,-0.027594864920358786,0.7855590306337723,0.594608829703414,-0.14906894559630404,0.16289269444649887,-13.22585254167953,17.54057884762291,-7.038143569576597
4.0,0.0,1.46,-9.456845423307385,0.34748639018601674,-0.7575442710499658,0.15432660400521309,1.1183618912376396,1.4917301279456263,-0.5072183038330244,0.7992981523884386,2.8852063543526754,8.253306334828055,10.830025223414129
4.0,0.0,1.46,-8.926026461272762,0.4337466610457506,-1.0106082044645603,0.20409260316402772,1.2213680561079463,1.298386523994157,-0.35527900514913263,0.7969479678861903,-1.1488085326775312,8.357996381615735,16.058422179813547
4.0,0.0,1.46,-8.513857857007245,0.17951487764384266,-1.2174905280058468,0.08855709112921092,1.2624731173566475,1.5351940413401257,-0.4822887601681003,0.8020478712919906,-1.0117674613485583,15.527192447626524,13.646032370469676
4.0,0.0,1.46,-6.008967763915649,0.32522897537697276,-2.8110795547795675,0.22732052329952562,1.2884704845242188,0.5890520905556103,-0.11830288269560958,0.23033882573987122,9.610840366019389,17.81110897811898,-0.767184200015862
4.0,0.0,1.46,-7.01387080277339,-0.2342025719735712,-2.0810471873043213,-0.14024364433688297,1.3451033231480116,0.595843877955294,-0.565690243204764,0.690278957954215,-2.8681432495205748,7.38805366727797,-9.039274738333912
4.0,0.0,1.46,-7.01387080277339,-0.2342025719735712,-2.0810471873043213,-0.14024364433688297,1.3451033231480116,0.5827028531042664,-0.5733099393645263,0.6761146267278663,-2.8681432495205748,7.38805366727797,-9.039274738333912
4.0,0.0,1.46,-7.459741330504848,-0.09818478708035445,-1.802055136390841,-0.05528021515319495,1.3313545083251443,1.1042332682909324,-0.4452489103233372,0.8069590851493891,-11.388770243761837,13.774677893800995,15.122900196693848
4.0,0.0,1.46,-6.516224382692322,-0.06730747894531847,-2.4223447074473192,-0.0433827006204991,1.3491751221493746,0.5821065831839367,-0.3031293692897623,0.5914508111843981,2.9868466555558015,10.153907255420624,16.545513206754542
4.0,0.0,1.46,-6.015532627787259,-0.19069522218801488,-2.8057457374020878,-0.13314198139164132,1.2968888825546112,0.5947496963030529,-0.44523007601534054,0.7709694254191715,11.888566361311664,16.412006912863482,-7.131025055119547
4.0,0.0,1.46,-6.684977554137994,0.35790411900900587,-2.3026261778510104,0.2248619816093993,1.3509716890557955,0.5865953962464138,-0.09846061790141976,0.4982296089326233,10.659140301340535,14.23647541355659,-14.334946097041836
4.0,0.0,1.46,-6.510581005503724,0.23005811821307354,-2.426420085472767,0.1484113469562999,1.3431349278254596,0.5884305365419732,-0.20523536832291817,0.5567973774676873,-5.802569916407352,5.963517697128493,4.982880352914528
4.0,0.0,1.46,-6.906786791502135,-0.32211973297915725,-2.151590344137677,-0.19588021454159033,1.3467977876911832,0.5951859928608539,-0.6348442506450861,0.6192518189686438,17.50793235138778,7.155240311282992,11.703261366320298
4.0,0.0,1.46,-6.713284117684886,-0.39652540343840514,-2.282962560473756,-0.2480763014415107,1.34852345245194,0.589457244981903,-0.7107847112606638,0.6608692038844626,-2.1868573171777754,5.905869121324045,-0.19095431352912584
4.0,0.0,1.46,-5.838460421771039,0.024492539976123065,-2.9529832073431095,0.01761914279938078,1.266438051138719,0.5941874414557067,0.5369886568192669,0.07183699428152872,4.607481493633564,8.669648813616647,-0.4368600572153234
4.0,0.0,1.46,-6.719529551581331,0.07811578123034116,-2.278652531448664,0.04882578142546053,1.3499173508974063,0.5964716624209079,-0.33595331638140336,0.6865096991473199,-10.368154216944788,12.684938292724402,-14.15373093890481
4.0,0.0,1.46,-6.719529551581331,0.07811578123034116,-2.278652531448664,0.04882578142546053,1.3499173508974063,0.5838585163238788,-0.3425758067949705,0.6716172422892676,-10.368154216944788,12.684938292724402,-14.15373093890481
4.0,0.0,1.46,-7.746686071481612,-0.408866649181276,-1.6335852779100435,-0.22167413403818548,1.317136262028366,0.9379971589145086,-0.7566615018671577,0.7990518623768746,1.111286947729635,12.067739961250266,-1.8638970721010608
4.0,0.0,1.46,-10.772991825816476,-0.03093196231720626,-0.17634764797705316,-0.012059253718260407,0.7907090988748016,0.5951117098046326,-0.2576518402756728,0.3436993692296965,11.758228931694312,18.028139460750836,-17.431382213080013
4.0,0.0,1.46,-7.928064247505908,0.12942872943747266,-1.5310187784860574,0.06856663198818005,1.306925229182351,1.523007386050749,-0.5797255868968783,0.8049806486427407,-0.7343222857821985,19.0535103264924,-4.916818562448624
4.0,0.0,1.46,-5.376979190510163,-0.32122169178975063,-3.3715504970208166,-0.2509087459177889,1.1709042232688975,0.5961041585432691,-0.5378361120996601,0.04663019262226287,6.7513683622991,13.964215080601585,19.89571979135541
4.0,0.0,1.46,-5.376979190510163,-0.32122169178975063,-3.3715504970208166,-0.2509087459177889,1.1709042232688975,0.5800742141740035,-0.5439086925314384,0.023163287177301192,6.7513683622991,13.964215080601585,19.89571979135541
4.0,0.0,1.46,-5.376979190510163,-0.32122169178975063,-3.3715504970208166,-0.2509087459177889,1.1709042232688975,0.5941813726399624,-0.4557036035727416,0.26035478660476824,6.7513683622991,13.964215080601585,19.89571979135541
4.0,0.0,1.46,-7.359439878746343,-0.034949323163930616,-1.8628832106574578,-0.019945425155577644,1.335433417881988,1.1271479668274746,-0.5436243792960643,0.7951612798998423,-13.226774719869855,16.3840167066143,-6.592941209120271
4.0,0.0,1.46,-6.777229578793715,0.1145961494283685,-2.2389832442801882,0.07101778418502615,1.3495623206908618,0.8988723218298533,-0.43554328119788166,0.8048135154018701,19.316091473246793,15.479491808725223,-18.100040534340863
4.0,0.0,1.46,-8.605586500128695,0.10569826666940833,-1.170565134713737,0.051586573443294786,1.2541642885598376,1.1676479708247314,-0.5283014933945369,0.8021628365227514,-19.797512859396612,11.76910561249871,7.673347902785924
4.0,0.0,1.46,-7.142656730850234,0.28195444327367203,-1.998105365207259,0.1657938644362738,1.3430875744545028,0.935550127713777,-0.20674677682122855,0.793999936948868,9.938104012319712,19.856837437562724,3.070841185559946
4.0,0.0,1.46,-7.142656730850234,0.28195444327367203,-1.998105365207259,0.1657938644362738,1.3430875744545028,0.9658801595266711,-0.21675764162160133,0.8083286484053034,9.938104012319712,19.856837437562724,3.070841185559946
4.0,0.0,1.46,-6.148045673060736,0.1489491677409065,-2.6997905891004415,0.10175371781198334,1.3091963056347733,0.5923818234690035,-0.22240287696007083,0.49274683617841264,-18.492850518132204,16.356342817621393,-5.483808867027559
4.0,0.0,1.46,-6.845827459374831,0.24297129401730258,-2.1924259571303395,0.14906590049610483,1.349131970855436,0.5932097975469041,-0.20507920013104014,0.7903807728590813,-10.460763620288645,8.953615311639664,12.575089487918547
4.0,0.0,1.46,-6.717605420315387,0.4182656196218817,-2.279969865940128,0.2615091974737371,1.3509477556486316,0.5927262802449883,-0.07397724344569406,0.7092224523053478,9.70490484403848,7.9550987795544525,-13.614643035948308
4.0,0.0,1.46,-6.830803839471713,0.13942454493688947,-2.2025693515479716,0.08572681963887636,1.3490461431693876,0.5988880346859382,-0.2870874123374696,0.7901078733749634,12.028920754156793,8.012707708194437,7.862148772454489
4.0,0.0,1.46,-8.432320953730716,-0.2657501598598959,-1.2596583733037825,-0.13236577183625153,1.2694456632463598,0.9999720421143886,-0.7095396614820286,0.7977189010170594,4.485128172406867,7.78080286268345,16.900090850158513
4.0,0.0,1.46,-7.029006034442418,-0.07832974423505056,-2.07119774511602,-0.0468039043038479,1.3451379811755741,1.0592343949642302,-0.4589473557901056,0.805947828407906,-5.760131893606948,19.94738453138902,10.253564256469684
4.0,0.0,1.46,-6.7847019093524,0.07288960126817899,-2.2338811134333625,0.045121558679587226,1.349371944510742,0.5932618618321449,-0.12377113236465838,0.690952052004817,5.401478091322787,16.23270430975134,17.559380288333927
4.0,0.0,1.46,-5.748313106377445,0.23093851293268108,-3.030595014897699,0.16873502475729135,1.2485083409922262,0.5909830711014638,-0.2190853692703795,0.1425899375302506,3.6376960101586455,15.195195041130114,-9.294185223791809
4.0,0.0,1.46,-6.930932865872812,0.4698218628217318,-2.135544249090646,0.2847021983963168,1.3483763546354537,0.5910450585747853,-0.03642375055258969,0.5954281807301683,-5.081462003705827,18.102451642965207,2.8048678593382874
4.0,0.0,1.46,-6.791374822819307,-0.3172543999315062,-2.229323266233969,-0.1962001088844597,1.3482070342316348,0.5949957443362558,-0.6323999906880676,0.5420833291445721,6.032189164082187,18.651020752204772,16.106468273097022
4.0,0.0,1.46,-6.1075285848354355,0.42049219488173123,-2.73180665796092,0.28916233366279975,1.299890026181169,0.8887039435829139,-0.0548597636234872,0.7966830999149399,-16.438712862409183,14.558536691166248,-12.792904502287406
4.0,0.0,1.46,-5.891320940397975,0.03272779878421129,-2.908323078210877,0.023332077183423963,1.2749955672121078,0.5771905607926102,-0.255299018366526,0.6844057732703027,13.271447758914661,9.573846468296699,3.3434386840505894
4.0,0.0,1.46,-5.919827879246924,-0.19671876209051242,-2.884488737806681,-0.13956804448261384,1.2825034988973036,0.5769753484452441,-0.38975369382725983,0.4805776414414801,-10.530509803699491,13.12593870014225,-3.625260671850551
4.0,0.0,1.46,-9.093646883091111,0.4417277976872294,-0.929207383561188,0.20401680141506934,1.19513110628187,1.2377038753457394,-0.28597615578745605,0.800660907283867,19.438319492949788,14.982627360980118,-12.584853652144208
4.0,0.0,1.46,-10.778861106109083,-0.03777612083000936,-0.0020541323433143077,-0.014719524254386811,0.7212159106161259,0.5899880434023309,-0.32746478162428444,0.2819719649241526,12.576652249262963,10.171191441088578,7.888777448618093
4.0,0.0,1.46,-7.004402512508392,-0.059199702238698935,0.7059309432323246,-0.03549749589040877,0.9561547101348453,1.0292138641320923,-0.5561317764683631,0.798496089656913,-5.988995428274615,5.431285314582816,-17.405099848930377
4.0,0.0,1.46,-5.235470631687917,-0.06984888265033459,-3.511553349093326,-0.05603418064381812,1.1326692932232867,0.595087947675921,-0.46278551889311575,0.5523662214916403,-8.395317443940101,17.308396447123563,19.675295106600707
4.0,0.0,1.46,-6.223765703667006,0.1441914243937338,-2.640765908587941,0.09730507401601955,1.3180559779983059,0.5962685352822172,-0.22853914779295828,0.7079626034432898,3.3713659001253546,10.227466683688075,3.4532709768888417
4.0,0.0,1.46,-6.223765703667006,0.1441914243937338,-2.640765908587941,0.09730507401601955,1.3180559779983059,0.579195413135667,-0.23576149746115585,0.692483505894252,3.3713659001253546,10.227466683688075,3.4532709768888417
4.0,0.0,1.46,-8.529224489741729,-0.26062586705274043,-1.2095898939175598,-0.12833858962652955,1.2610395471933487,1.6663232966917736,-0.7285702001361718,0.8015777304005595,14.990933356224005,12.618735386544833,9.778716168177478
4.0,0.0,1.46,-8.349659169828207,0.3930700412391442,-1.302861315733459,0.1977199475602514,1.2764982899772173,1.8545325362769989,-0.5347266527450193,0.7973850560564654,-11.514140548793431,17.015722962937563,-11.603763763958623
4.0,0.0,1.46,-7.770159848411318,0.00557388604063649,-1.6201578268683292,0.0030128493914394457,1.3162418591276064,1.3691950020173633,-0.6425863504524101,0.7979109644530074,-18.30107703208173,14.08973188197942,-0.7292964607467525
4.0,0.0,1.46,-7.129660594880072,-0.24731794639228158,-2.0063852622314293,-0.14569212110791302,1.3423680639096922,0.5814389211103037,-0.5601738460927166,0.7614085009467795,-13.32762679919394,14.239939979717839,19.05941319334169
4.0,0.0,1.46,-5.145440845884011,-0.4740689819517868,-3.603826502147438,-0.38696193073334734,1.1033218706350547,0.5919433308449444,-0.2083799674550408,0.13781873936825742,16.672801286317195,5.7096590015630895,16.920272460675974
4.0,0.0,1.46,-5.145440845884011,-0.4740689819517868,-3.603826502147438,-0.38696193073334734,1.1033218706350547,0.5927112018087788,0.16121957926522565,0.492557293305559,16.672801286317195,5.7096590015630895,16.920272460675974
4.0,0.0,1.46,-8.853211282856321,0.14568562368073498,-1.0464449704179835,0.06911386161583569,1.2298927895520946,1.2314929905720247,-0.5087874272196524,0.7986422268318507,-3.6545646206559645,16.63738759566277,2.1540575722310464
4.0,0.0,1.46,-7.6163223950826975,0.21536380347023118,-1.7091445182344245,0.11876177604547813,1.3245929375314989,1.633675206452922,-0.38694342460454734,0.798328071342945,16.769484071640044,12.312370218489818,10.645569040897506
4.0,0.0,1.46,-7.147918030838767,0.13640989981903381,-1.9947640725264826,0.08015223128862783,1.3426497273302063,0.5897407437854533,-0.2766764098070713,0.7704660370797218,-1.245652875031162,9.398993222023588,-12.328253518331284
4.0,0.0,1.46,-5.494820820447366,0.2847205399675912,-3.2594098915784464,0.2176278912342266,1.197570201106346,0.59186451477983,-0.2783231152214271,0.5535957519956037,-12.900936741577942,17.87349491959323,14.932193273023778
4.0,0.0,1.46,-6.4783271817656995,0.15414076629659915,-2.449836297990462,0.09993184973242843,1.3420662061745676,0.5932711993677728,-0.29243432761739446,0.4921200951020445,-14.37539838728545,13.781779723541357,14.563223580185664
4.0,0.0,1.46,-10.475667608230737,-0.03144419692376731,0.03715628693065298,-0.01260689361469036,0.7426228932019686,0.5846657016771666,-0.2562421593197051,0.29881183345344975,3.943101013545597,7.781213530907184,19.053075471625924
4.0,0.0,1.46,-7.326288067913822,0.04568416507509876,-1.8832233314155467,0.02618972821390181,1.3367829929755468,1.3803935407973182,-0.44853838182547356,0.8067942451662031,-18.122728661570584,19.71899288728641,13.419326784070336
4.0,0.0,1.46,-8.462601059845483,-0.20524378239081262,-1.2439481295645294,-0.10186275826372851,1.2668748972097716,1.227600097077614,-0.7661903310338866,0.8036893878045145,-10.405438525689217,6.314168570373226,-14.433129228328818
4.0,0.0,1.46,-8.00924757445486,0.07991925694666421,-1.4860115490522041,0.04190916513138702,1.3016169705742495,1.3045305038060233,-0.5642816213182891,0.7942540726334151,-6.357407608427984,12.726647069943082,5.213888067473555
4.0,0.0,1.46,-8.00924757445486,0.07991925694666421,-1.4860115490522041,0.04190916513138702,1.3016169705742495,1.322428644464753,-0.5716635638220716,0.8054775411633553,-6.357407608427984,12.726647069943082,5.213888067473555
4.0,0.0,1.46,-8.213457844818386,-0.38290711943855205,-1.3751004273020229,-0.19580180869333713,1.2868895546869377,0.8897079792730448,-0.7425762093698496,0.7960499840744686,0.05993614562310867,7.275313329366395,-11.488992972167482
4.0,0.0,1.46,-8.49964402315237,0.19779920398738776,-1.2248099339613105,0.09774017058645185,1.2637305229980305,1.1393102518208307,-0.44979388403648113,0.8034748519664378,6.2374517840981305,6.378938529934137,-16.76275559660141
4.0,0.0,1.46,-8.680932790101217,0.11794675164984812,-1.1324124433786054,0.05706487642597982,1.2470801348743714,1.2892516835466827,-0.5717294014272838,0.7950125764194756,-2.349508465226723,7.956492324625686,10.293270191318811
4.0,0.0,1.46,-8.602038091227797,-0.23888147475951346,-1.172368111137736,-0.11663540469706893,1.254458016386997,1.141161960675433,-0.7551311387682598,0.8019059446228385,-11.744456377639366,14.864472791116343,-3.5394660628651984
4.0,0.0,1.46,-8.711278720799314,0.27238142409736804,-1.1171405906389076,0.13132423124948256,1.2441604649481657,1.4420263266567575,-0.4646657740444555,0.803452361047213,7.744685657560673,13.29146383097536,12.241741742533058
4.0,0.0,1.46,-5.34252099325311,0.1447099385066339,-3.4050977231238377,0.1137630984502278,1.1618018370382086,0.5957580424246071,-0.4422844535697002,0.6027233167438959,-17.364606589924854,5.187710204899704,16.03835498579437
4.0,0.0,1.46,-5.34252099325311,0.1447099385066339,-3.4050977231238377,0.1137630984502278,1.1618018370382086,0.5907349395599805,-0.4494436753007063,0.6145233970087804,-17.364606589924854,5.187710204899704,16.03835498579437
4.0,0.0,1.46,-8.880223477230302,-0.10964469267440582,-1.0331200844354882,-0.05185767119637112,1.2271846118538627,1.058022289633598,-0.5415834772992544,0.8042662269147259,12.130800079507999,11.847340652427773,0.7175132876104797
4.0,0.0,1.46,-6.047995248106055,-0.016887328240652377,-2.779469676335058,-0.011727320492348417,1.2988902651012,0.5916706379843066,-0.37235851539427106,0.17408158695194917,5.992871307732845,10.662318240086964,-17.447546777107654
4.0,0.0,1.46,-8.70194049475451,0.08984184512568165,-1.1218367342530478,0.04336225348303854,1.2450605068637635,1.444525703641766,-0.4969200764115218,0.8000974026098501,4.555648394608696,10.22261318210382,15.976584420859233
4.0,0.0,1.46,-7.753592958753757,0.08608670886885712,-1.6296363003085368,0.04663182335887213,1.3172441036311797,0.7910943937613001,-0.38079116376111516,0.8008183381550101,5.962403412867161,8.43429350279806,16.41239725903955
4.0,0.0,1.46,-5.9738824230464616,-0.06728716923425096,-2.839781910756063,-0.0473069422480758,1.2890494698806259,0.5893275242180573,-0.35146703676400337,0.6540552375445887,19.95364707392455,7.041107834828962,19.838297416703696
4.0,0.0,1.46,-6.646638463323278,0.032561579862892584,-2.3294540647465922,0.020575609186327004,1.3501042294359482,0.5945036650149937,-0.37171704844822545,0.5355303685725383,-18.777117874314484,18.693147990999613,6.4922054580486055
4.0,0.0,1.46,-4.8523589541493095,-0.23200791605585477,-3.923654722574703,-0.20081639809465057,1.0034702594949683,0.7460921283773573,-0.19656740211852647,0.7979902940358574,16.682977484488227,16.137339756993548,-1.333353402066809
4.0,0.0,1.46,-10.844574105257472,-0.31387853724093884,-0.14608443303016472,-0.12156216035932971,0.7740567209214604,2.559331436044024,-0.6914767523884436,0.8052316427435154,-11.053403083964026,16.097423870008697,19.008601583996253
4.0,0.0,1.46,-6.297679908066307,-0.4428406339862821,-2.584149804879363,-0.29533585223347336,1.3360731058650732,0.5780653469445645,-0.6163889615020101,0.6263463583903447,12.033229924041486,12.369150764026735,4.1858845317093625
4.0,0.0,1.46,-7.8062923020836905,0.05888276085915046,-1.5995690358631265,0.03168054513439364,1.314234110363179,0.9372241472372591,-0.46791486607061394,0.802385734471336,-2.553330615447482,7.195585024727097,-6.582435317323476
4.0,0.0,1.46,-7.157875120221959,0.4560316127514498,-1.9884273011121678,0.26758398845839276,1.3430009762606396,0.7813840650434107,-0.0330632086064497,0.7977042854629497,17.242272429615035,14.207199629689978,15.995090444775336
4.0,0.0,1.46,-9.414742950873318,-0.07724066140321117,-0.777142549716352,-0.03445774139413911,1.1315668310300204,1.2642161581571945,-0.6958101144754524,0.7954027808039301,2.6222866097640534,7.077778945406724,10.309931743183842
4.0,0.0,1.46,-5.675873573878576,-0.18867274991812605,-3.0943485762972855,-0.13961296694539127,1.238821953423329,1.1895626237845731,0.7070803981536007,0.7992301920203175,4.647018135479971,5.081443829748709,-4.5863739874572484
4.0,0.0,1.46,-8.807563666936602,-0.11944571514170127,-1.069056668192374,-0.05695922533928546,1.2346337194952408,1.3655136318774486,-0.7591997197931345,0.7957594174479221,6.346179185983644,17.735860704206,9.625177604019214
4.0,0.0,1.46,-6.402922939884306,-0.38175572956728776,-2.5052255157862824,-0.2504128316452267,1.3454102691987606,0.8391324717998774,-0.6545788685360568,0.7985168391897403,15.003747326326085,16.29849819116852,-7.459507208902361
4.0,0.0,1.46,-5.476365650283341,0.238258349821086,-3.2767210550353987,0.18272795009529486,1.1936494105437812,0.5960554057639392,-0.3074180225653207,0.4846052752609894,9.208566475850517,5.714450955482749,5.916405171136667
4.0,0.0,1.46,-5.476365650283341,0.238258349821086,-3.2767210550353987,0.18272795009529486,1.1936494105437812,0.5909168639984191,-0.31452029657218417,0.4987099601502389,9.208566475850517,5.714450955482749,5.916405171136667
4.0,0.0,1.46,-5.364261215710577,0.10538286150420571,-3.383898924253508,0.08251052670988057,1.1672964972194197,0.5955065620400517,-0.3871917318900302,0.4407743964328114,-1.9663057776779667,7.620683958090817,-14.482797303241517
4.0,0.0,1.46,-5.364261215710577,0.10538286150420571,-3.383898924253508,0.08251052670988057,1.1672964972194197,0.5893452055029013,-0.39478673255110397,0.45581313388832584,-1.9663057776779667,7.620683958090817,-14.482797303241517
4.0,0.0,1.46,-6.420160302266886,0.4203670737926212,-2.492475445852733,0.2749996303527836,1.3322955285829576,0.6724122720966604,0.06508131813605206,0.7778110309576248,-8.246257985280888,12.911477908089122,14.403190389434705
4.0,0.0,1.46,-6.420160302266886,0.4203670737926212,-2.492475445852733,0.2749996303527836,1.3322955285829576,0.710883595752655,0.05598244866907398,0.7989111405736522,-8.246257985280888,12.911477908089122,14.403190389434705
4.0,0.0,1.46,-7.4304524679643436,-0.29862692648530365,-1.8197028807088955,-0.16879632790139987,1.3322680468892263,0.8228750000730272,-0.6948053887677138,0.7949458152469875,16.027693519875903,10.633499976610334,10.244475625869384
4.0,0.0,1.46,-8.227901169499496,-0.19504607034186902,-1.3673826411388568,-0.09956287497382293,1.2858802469311137,1.3323069873076934,-0.7985597366277732,0.7728827968797025,-14.455037095726556,16.368167475486157,11.974900798550419
4.0,0.0,1.46,-5.856918409916219,0.46008510791715856,-2.937297209030536,0.3299273300410732,1.2641647993526857,0.7942678799646938,0.033964067071338935,0.7974010317250707,17.528213043455814,10.454024414279875,-5.654183770231382
4.0,0.0,1.46,-5.6403561659629275,0.26801469333649824,-3.1260683297293035,0.19957280690999035,1.2279603364007357,0.5871671781175143,-0.07243933608991944,0.49057904415369374,9.00389302677172,13.323018436118433,0.07339721491900875
4.0,0.0,1.46,-6.838860587151281,0.3704577831733086,-2.197118286905848,0.22751197652005564,1.3495656362332367,0.6077347349383675,-0.11038230633280975,0.790577980436091,-18.54786953756733,10.371901258988595,3.346835248090617
4.0,0.0,1.46,-10.229294307388166,-0.021435332048599615,0.07061648205151982,-0.008801036698992506,0.7600124834124593,0.576661399780954,-0.2037537203254678,0.3292059165132092,13.080427479816798,6.409436249279441,4.921818421705545
4.0,0.0,1.46,-7.36859406925543,0.06920534095455452,-1.8572873241006072,0.03944611811660015,1.3352532908001704,0.6842652914956311,-0.3574177637580674,0.8044491598500163,-17.940556616922297,15.366822811180496,-3.3890618035339095
4.0,0.0,1.46,-6.45000621415015,-0.0019293431050001288,-2.470536049547185,-0.0012563152300882272,1.3426552650442436,0.5435669817776729,-0.12907398146402713,0.47684349918700253,16.86820737095878,17.553145850837154,7.571488384841242
4.0,0.0,1.46,-5.4818756049186135,-0.12744924205785335,-3.2715482102490157,-0.09764665512706963,1.1963823672009621,0.5905999140626811,-0.6319724073419456,0.3509281788697704,-11.138676629992883,11.632429090585834,-7.916781923302224
4.0,0.0,1.46,-6.806072808714134,0.23700872007871232,-2.219326193283333,0.146257122470992,1.3496052333705368,1.0952746428541167,-0.2707980939689592,0.8051663510062396,13.6418776551331,16.84303062147659,-9.491794035552479
4.0,0.0,1.46,-5.726546499371992,0.3718851526009298,-3.0496103732775914,0.27275036378298767,1.243185924681517,0.575349463778938,0.06480683427688419,0.6341904301363984,7.320983531164988,8.688267589766822,17.80225468361526
4.0,0.0,1.46,-7.223190244175903,0.13756219333700495,-1.9472517080209784,0.07998698531874787,1.3404220513004053,0.958331756031044,-0.3770996688556153,0.8012943949909954,-12.940494461978126,13.681073118848385,-2.335329667806846
4.0,0.0,1.46,-6.332919992498418,-0.22923856601363626,-2.557520278374934,-0.15203128705206248,1.3360060506145446,0.5950808158731511,-0.5850840528999841,0.17371758403906776,15.416454884948571,7.914474459176645,-1.345983688605024
4.0,0.0,1.46,-9.248861715721866,0.430287986544594,-0.855094148205211,0.19539804994762466,1.163721289149731,1.3128317743580813,-0.3940186589545192,0.8020286447108466,13.123805224948967,13.439633278755679,11.884772752279375
4.0,0.0,1.46,-6.362289221925188,-0.39309373962589134,-2.535472618767649,-0.2594968019905834,1.3417723535461867,0.6846951321075082,-0.6641776935024056,0.7956602714745559,2.2816792160212387,12.791412093123359,-6.115535800026208
4.0,0.0,1.46,-5.34838410031206,-0.15282781909190835,-3.399366422564576,-0.12001322794833745,1.1633226369111953,0.5879355733679401,-0.39241616643198873,0.5856067736498296,9.662663059353545,18.717666084043344,0.17894249472404056
4.0,0.0,1.46,-7.102764686340173,0.3127938298703547,-2.0235793777163735,0.18496094738743413,1.3442262742306577,1.0070003091774948,-0.11562464181041701,0.7993222946464159,-18.10138301055959,12.57232609077484,11.011482984987836
4.0,0.0,1.46,-5.6022255143804855,-0.4921585814687076,-3.1604581307874113,-0.36897230160809685,1.2257890833981424,0.5920416975848639,-0.5099414545331814,0.3495365585433444,-16.460621975889254,6.543875664199746,19.778209365999857
4.0,0.0,1.46,-5.857408199248084,0.30735228847991997,-2.9368943229958155,0.22038409612315807,1.2661255238368305,0.5917175371573076,-0.1499526985336762,0.07081216639835468,18.443756200203374,17.18932710412578,4.629479184367391
4.0,0.0,1.46,-7.890165032898437,-0.44743319889783495,-1.5522061679457444,-0.2381723864501449,1.3088276175841176,1.311514101919197,-0.7380883407739625,0.805718487995794,0.41342661089380073,11.156857764108235,16.897392566753624
4.0,0.0,1.46,-10.982838989111308,-0.1596033769081499,-0.08792325416678182,-0.06103469090995667,0.7329562231585212,0.5774528028990213,0.3784183327272417,0.6281531992298133,-4.924170971838322,5.065334809270266,-19.229677748356874
4.0,0.0,1.46,-7.332210904654559,-0.3024657449224645,-1.8795743813661225,-0.1732568996164467,1.3359948555891106,1.4282876105240037,-0.6771113375884292,0.7984713199207977,-10.940737191555794,18.552624001465293,9.249684723660934
4.0,0.0,1.46,-7.016725725048083,0.093998184735245,-2.079189897746545,0.056264473111541445,1.3457925148077297,0.5872476846209295,-0.3116299457749922,0.719932309078835,-8.850847977369195,6.1251927795682715,-6.212409356896318
4.0,0.0,1.46,-5.490987266015601,0.43044167645464315,-3.262986231607634,0.32924043592279656,1.1960889307529559,0.5945690693715434,-0.2678727193944045,0.6938363824649447,19.464966493644255,16.5642195407873,-17.172616093755888
4.0,0.0,1.46,-5.479352891278175,-0.485286394528538,-3.2738935020198845,-0.37197875323273905,1.1972208318854773,0.5999486474663003,-0.7932629532373816,0.3171135308311142,7.924366238396637,12.372485205664834,-13.671534920586854
4.0,0.0,1.46,-5.479352891278175,-0.485286394528538,-3.2738935020198845,-0.37197875323273905,1.1972208318854773,2.6596271096486883,-0.4581902265183199,0.8020346485256953,7.924366238396637,12.372485205664834,-13.671534920586854
4.0,0.0,1.46,-8.414635268697879,0.4860113105426054,-1.268854465627527,0.2425830043843142,1.271122761358821,1.8836996083124686,-0.38857685506711226,0.8006913039186782,-12.933496445447856,19.976144969969763,-5.31405222555116
4.0,0.0,1.46,-7.309671629018268,-0.06989336933391684,-1.8934630845441625,-0.04015941701636692,1.337180712866952,0.8110990582063207,-0.5216084078480008,0.7952244466997382,10.790424188531993,7.140967708821382,6.779729621950288
4.0,0.0,1.46,-6.282749042635025,0.008791133404476318,-2.5955217155374655,0.005876847865200564,1.3267313683014301,0.5735867731582449,-0.2443855180214734,0.7187198180690444,-12.183062482999055,9.613778470022378,10.77023369220694
4.0,0.0,1.46,-8.77495177919986,0.17775926454183852,-1.0852825932055232,0.08508182493326466,1.2378957219069984,1.285023596389737,-0.2938860462521529,0.7979823771190659,-13.867963951180666,16.523681149097527,17.817021614753287
4.0,0.0,1.46,-9.658819981116089,0.3060818358610015,-0.6645784882593553,0.1330953173503147,1.0723435728507285,1.5347373154192092,-0.5803962166723223,0.7960642959590861,15.172393775123012,18.749602238491548,12.341491674720302
4.0,0.0,1.46,-8.465498406665759,-0.21783793283393188,-1.2424476556108566,-0.10807624949549381,1.2666228529293193,1.2533938905997513,-0.7785429748657835,0.7913681890071187,-15.745470707290226,11.5370409264628,15.523809987380737
4.0,0.0,1.46,-8.701664565762748,-0.15138759946254274,-1.1219747028308902,-0.0730696883265743,1.2450806943369448,1.2716743566650361,-0.7391431025550691,0.8014250789254869,-2.045112235150466,13.176087431488606,-11.77178757683707
4.0,0.0,1.46,-5.770207557362781,0.09004242025545105,-3.011576181015947,0.06553978540864432,1.253892070851293,0.5794945059024346,-0.19067925175814787,0.6760305391176723,14.345291037471327,18.543162150912803,5.230597764640432
4.0,0.0,1.46,-6.396671463049657,0.05199371158462424,-2.5098734940914014,0.03413862817824174,1.3370332072278395,0.8395919091105484,-0.3805667502575445,0.7979672996107274,2.843301378361783,19.504822729065985,-17.88759970032296
4.0,0.0,1.46,-5.295002516901164,-0.12035129165410079,-3.4519229897336956,-0.0954627355386125,1.1490806466944838,0.593206350682839,0.6191249021412489,0.29595984516565016,17.092187572773277,7.576776025797243,1.3722972786481726
4.0,0.0,1.46,-6.60637596287188,-0.10309309323451502,-2.357852635128168,-0.06554137911895891,1.3497141233493457,0.7896437986150521,-0.4807347292665179,0.7960041832054896,3.3727999177015704,17.071447580607405,16.836813818331194
4.0,0.0,1.46,-7.134397005119659,0.44177965465697094,-2.003355998732612,0.2600744741605752,1.3436389001697708,0.6158136322500247,-0.06408823487846436,0.8008849078922353,-0.7413450879923253,11.524665433586488,6.844814222856499
4.0,0.0,1.46,-6.236065912282278,0.05333829779049703,-2.631279928217989,0.03592342574167891,1.3209552205408233,0.9426574363703247,-0.3399584584723059,0.7969359585113404,15.172100464574527,16.629730476453943,3.861302710760313
4.0,0.0,1.46,-10.874726183378058,0.050259074210706,-0.014025559954831124,0.01941088981234414,0.7133265698441337,0.5927296553610006,0.546945314264552,0.2751097707468161,6.282189825725052,17.340435030802812,9.653011452643785
4.0,0.0,1.46,-7.30444388435199,-0.14292069284166228,-1.896689870793189,-0.08217831767054967,1.3372393276460843,0.798296053707982,-0.57023510669094,0.802634801672831,-3.0594678530368213,9.039566154359832,-7.157699767341356
4.0,0.0,1.46,-9.224229633004448,0.4431044709066806,-0.8667777440711966,0.20175546922089088,1.168957083964384,1.4646139218411365,-0.42935168757301373,0.7939615671398527,-0.4532823433884481,15.675243562945864,7.2459689023287694
4.0,0.0,1.46,-9.224229633004448,0.4431044709066806,-0.8667777440711966,0.20175546922089088,1.168957083964384,1.4861353443420806,-0.43765562297413063,0.8039664956286299,-0.4532823433884481,15.675243562945864,7.2459689023287694
4.0,0.0,1.46,-8.108442693390572,0.06209811287735567,-1.4317382614673946,0.03216549514464589,1.2947773964562008,1.673942231758376,-0.6676544078479794,0.7954478996508628,-2.3415970409116014,17.17324628178826,-0.7613449369004641
4.0,0.0,1.46,-6.2844233424392115,0.3336416753717334,-2.5942364600168943,0.22297909612457573,1.321232516773248,0.5861483105907291,-0.11274656577280392,0.35438002769691934,-16.298138679446886,8.07351994894703,-19.406960863941364
4.0,0.0,1.46,-9.731839494738992,0.1509011573457007,-0.6313686504913107,0.06512487810701825,1.0566567871470305,1.3413583522420263,-0.7415607240967304,0.7985766872646294,11.029029317202578,9.141580521028553,13.644594525862708
4.0,0.0,1.46,-9.632929986771117,-0.3844591929660808,0.15819797439071692,-0.16762590537614647,0.8073678742933759,0.5952888079802061,0.23840251440611182,0.27326224656931614,-19.121160905610456,5.171611625284938,-2.9304699031808994
4.0,0.0,1.46,-4.956749733764312,-0.0035348526428827646,-3.8061651951101716,-0.002995184727398533,1.0457563935029737,0.5906559378046171,-0.3271395647910208,0.34792083018829423,-4.094836117023096,15.63416410835496,4.134757300899832
4.0,0.0,1.46,-4.931072759857642,-0.3062030592140465,-3.8346698819681535,-0.2608058958627338,1.0316718905309168,0.5966688290450268,-0.16957508773245686,0.41869306770647663,15.686531391956805,18.491989361191095,18.997590539188202
4.0,0.0,1.46,-4.931072759857642,-0.3062030592140465,-3.8346698819681535,-0.2608058958627338,1.0316718905309168,0.5835767306186672,-0.1687993465292021,0.42586783988896487,15.686531391956805,18.491989361191095,18.997590539188202
4.0,0.0,1.46,-6.172955347090969,-0.2500287481246535,-2.6802505989247294,-0.17011636778134454,1.3186703704682299,0.8216095963840401,-0.3298349884815624,0.7986150965200962,19.934617466080915,15.997455946842885,19.63384686750662
4.0,0.0,1.46,-5.129770759104595,-0.19402731768132764,-3.620183418795886,-0.15885987357529013,1.1004800030936592,0.5830399751040805,-0.440390139578928,0.1513505867584541,1.8071174823712575,5.2445386748672105,-6.145924481245286
4.0,0.0,1.46,-9.344508201232387,-0.42026476940448837,0.2042805209537235,-0.18889298328895063,0.8285090009489651,0.5913635171896288,0.14851188648218466,0.4769464527731451,14.255916676199163,14.901954065050006,10.748207124320864
4.0,0.0,1.46,-10.810933957706581,0.031162806857145377,-0.006081448650050447,0.012106612556513676,0.7180739137095278,0.597497496231884,0.5259609444887833,0.2851490320441437,-6.2800531527675485,8.233388996082573,-18.44860265079066
4.0,0.0,1.46,-10.810933957706581,0.031162806857145377,-0.006081448650050447,0.012106612556513676,0.7180739137095278,0.5750205617497711,0.534141983884645,0.2791344171011695,-6.2800531527675485,8.233388996082573,-18.44860265079066
4.0,0.0,1.46,-5.128401100483941,-0.027293228887085342,-3.62161945377375,-0.022352300274434703,1.101369299980096,0.5907330692241642,-0.6994706067871322,0.34424144119852623,17.789624645584617,13.725185563526422,-16.82913819175824
4.0,0.0,1.46,-11.07870817988939,0.01769448821080608,-0.0477991078861173,0.006708079071916445,0.7030481938217229,0.5805905040086503,0.15025186057156212,0.2386795760035748,-2.7957522007914335,11.631842031940208,0.5256509439662977
4.0,0.0,1.46,-5.159695615471875,-0.4231635802638571,-3.5890430970994203,-0.344455791496464,1.1081983394608792,0.5890917137241448,-0.0020040915721022644,0.1689098086464734,8.53120272071385,12.008767954756381,4.266362426626827
4.0,0.0,1.46,-5.55321326753873,0.004633932748618508,-3.2052561277621727,0.0035047307939649547,1.2118232743516677,0.5938205211810008,0.1354623473577286,0.08994106949018864,7.808293335533548,11.18203585750192,-1.1097173332397077
4.0,0.0,1.46,-5.455039655512479,-0.005491518302457536,-3.296844159345369,-0.004228086013456275,1.1896166274632343,0.5932146689694519,-0.409572987284384,0.4299709978119597,-16.3787309806715,8.628072562268427,3.7364584433849686
4.0,0.0,1.46,-6.0164288910129216,-0.05494934293814408,-2.8050205292709407,-0.03835950603271403,1.2950511688699564,0.5896914770222961,-0.4572322706307624,0.12636667535043117,-1.8030995903296443,8.98527880858665,0.018496734486443955
4.0,0.0,1.46,-6.385501359960024,-0.21491395178734463,-2.5181686465580277,-0.14135751394037732,1.3408223945082292,0.5811312430605076,-0.5808994419075174,0.6991164812451787,-6.179444490850328,11.220780263078977,-13.469181164517199
4.0,0.0,1.46,-6.544215566153646,0.1962928935462737,-2.4021820291502216,0.12597845296512858,1.3462594595622013,0.591336557180575,-0.20888024779438055,0.645370099545339,-4.567538157850814,16.539867179603032,-15.738025193529364
4.0,0.0,1.46,-6.322267830935999,0.406159512577863,-2.5655405747641957,0.26981931143123905,1.3236904613565006,0.5918621223577555,0.11021180186984747,0.10503083584672765,2.9398719465495304,11.76960700769586,-3.7092669620843495
4.0,0.0,1.46,-9.574684603507855,0.4899862467893032,-0.7030976924955823,0.21493577300301986,1.0901560829215629,1.4162508946739603,-0.4366488142393825,0.7948835220290846,8.4132229018652,9.88471566904241,-7.759034592903561
4.0,0.0,1.46,-5.320348545786899,0.0351229743231114,-3.426864754687493,0.027726847383689534,1.1560391962093295,0.9166926653879564,0.6977397631426064,0.7999331214449484,-0.22202353369677752,8.79826279997025,-2.2668335773109405
4.0,0.0,1.46,-7.481595192153705,-0.41742259141711924,0.5802434207942575,-0.23433169516983976,0.9570201141608088,0.5860274771726488,-0.5172958052369409,0.5105671548516195,-3.4327323970743535,9.061197574338998,-10.473967570641417
4.0,0.0,1.46,-5.302621579813582,-0.01452757887196999,-3.444371310658134,-0.011506729330743419,1.1512964069325107,0.5911852704947546,-0.23540722006999643,0.2012817532622709,5.6822510892029126,13.072830141353382,10.168264189973044
4.0,0.0,1.46,-6.431810003679708,0.3955977687658074,-2.4838901081609244,0.25832706934219496,1.3337397145398175,0.5895154462294634,-0.05360792683573228,0.37919322862903954,-3.269065487818472,7.846118585553482,4.746399218041443
4.0,0.0,1.46,-6.802902322007576,-0.07974917554801245,-2.2214848418548527,-0.04923582927511557,1.3487604888471525,0.5847933805896943,-0.4350673049970383,0.5726929499496565,4.640026366497839,9.12054694981102,-6.7854935985854326
4.0,0.0,1.46,-6.802902322007576,-0.07974917554801245,-2.2214848418548527,-0.04923582927511557,1.3487604888471525,0.7775516353707934,0.3675255078629148,0.7951493951974569,4.640026366497839,9.12054694981102,-6.7854935985854326
4.0,0.0,1.46,-6.802902322007576,-0.07974917554801245,-2.2214848418548527,-0.04923582927511557,1.3487604888471525,0.9508055275600721,0.6710366014791254,0.7946046811614104,4.640026366497839,9.12054694981102,-6.7854935985854326
4.0,0.0,1.46,-6.802902322007576,-0.07974917554801245,-2.2214848418548527,-0.04923582927511557,1.3487604888471525,0.9550792882046921,0.6785234968712671,0.7973268370732615,4.640026366497839,9.12054694981102,-6.7854935985854326
4.0,0.0,1.46,-6.617575619928147,-0.26360458209217424,-2.349923413629682,-0.16730284750401586,1.3491837630028312,0.5898844183858656,-0.6030670494768015,0.5808953016589182,-0.9102707995226655,13.841088327367084,16.42768337250687
4.0,0.0,1.46,-5.98794913461365,-0.08006626770730131,-2.8282474538455027,-0.056159181851895036,1.2913037017868594,0.5960404366598908,-0.4924659803470599,0.16716817573237397,-9.004763303320725,11.990096217886924,16.94573823201423
4.0,0.0,1.46,-5.98794913461365,-0.08006626770730131,-2.8282474538455027,-0.056159181851895036,1.2913037017868594,0.5859606235854955,-0.4987028472367182,0.1469628647620128,-9.004763303320725,11.990096217886924,16.94573823201423
4.0,0.0,1.46,-6.679567409469733,-0.4497102698621511,-2.3063912303170753,-0.2827702780187944,1.3484917074642473,0.5950586852258938,-0.6899529321313869,0.7382515826569096,7.564759837147172,16.52433740796887,-10.009226221832055
4.0,0.0,1.46,-6.479916027103663,-0.07837568894665865,-2.448680513476127,-0.05079971595297038,1.346530361079643,0.5961468526740851,-0.4369289576112537,0.5940760953459875,-3.3271324758372556,9.20556118500706,4.366624731997536
4.0,0.0,1.46,-6.479916027103663,-0.07837568894665865,-2.448680513476127,-0.05079971595297038,1.346530361079643,0.5823228898711265,-0.4440999344718784,0.5771859813221893,-3.3271324758372556,9.20556118500706,4.366624731997536
4.0,0.0,1.46,-6.421204539689285,-0.283279773297761,-2.491713226929395,-0.18528845180006803,1.3452978464975602,0.5942228092520939,-0.5661347842872323,0.5307194440536503,-9.681183246508136,7.913627831040984,-5.778452819827017
4.0,0.0,1.46,-5.108555661695,0.15470130229539938,-3.6424305386393385,0.12718770483653577,1.0968379604302045,0.5953648216278248,-0.24844316440749853,0.6034997010825822,-1.0861291426840118,12.35461872057457,-3.671454560258468
4.0,0.0,1.46,-5.108555661695,0.15470130229539938,-3.6424305386393385,0.12718770483653577,1.0968379604302045,0.5951033864463333,-0.24638322256897008,0.6104795991364562,-1.0861291426840118,12.35461872057457,-3.671454560258468
4.0,0.0,1.46,-6.470687685924119,0.38733862479013725,-2.455395669218099,0.25141411594589114,1.3370602836243322,0.5958617046643957,-0.09089768537547799,0.6145744048811222,1.281582808851251,16.20508843568143,-5.902453036004932
4.0,0.0,1.46,-6.470687685924119,0.38733862479013725,-2.455395669218099,0.25141411594589114,1.3370602836243322,0.5831455905812379,-0.09676985275670213,0.5986904744285624,1.281582808851251,16.20508843568143,-5.902453036004932
4.0,0.0,1.46,-5.37143817113936,0.1482397744087359,-3.3769293763884356,0.1159106802833452,1.169053791201267,0.5979566092541776,-0.1842431190097971,0.2683971527129716,-7.741028064131794,13.107175070207239,-4.753734537544968
4.0,0.0,1.46,-5.37143817113936,0.1482397744087359,-3.3769293763884356,0.1159106802833452,1.169053791201267,0.5776755728189046,-0.19206066376316921,0.24675632052625185,-7.741028064131794,13.107175070207239,-4.753734537544968
4.0,0.0,1.46,-6.59414107829889,0.13282299064572564,-2.3665306846191747,0.08459882099701144,1.350498854331561,0.5955011956600093,-0.29085058051852,0.6525475302490492,-7.666408062525232,11.579464167614145,2.7038901563073416
4.0,0.0,1.46,-6.59414107829889,0.13282299064572564,-2.3665306846191747,0.08459882099701144,1.350498854331561,0.5828863497362697,-0.29731404485822804,0.6371455737608427,-7.666408062525232,11.579464167614145,2.7038901563073416
4.0,0.0,1.46,-7.026483261143461,-0.010143568067373657,-2.0728385485569234,-0.006063201789516016,1.345346111758424,1.3349961423195869,-0.5624123591541106,0.8074557669544598,12.27929134796899,14.888767108117534,-15.093989280476112
4.0,0.0,1.46,-8.842990932481882,0.4651774791884722,-1.051487505101445,0.22093717244638666,1.2304158853990534,1.218486791170783,-0.2980678381693874,0.7958064123730859,14.440284189831567,9.346478965832539,-19.78252138443886
4.0,0.0,1.46,-5.753910729114722,-0.20565300524634125,-3.0257218586745083,-0.15011401161719554,1.254032170008188,0.5935970361128009,-0.4836644580198272,0.4027588119869018,12.164431512676137,14.669025271842417,18.00627519667662
4.0,0.0,1.46,-9.117397418921733,0.3241871153475655,-0.9177946034137463,0.14933931492708835,1.1922065920341631,1.295234840029279,-0.361330255177809,0.7991681550046223,11.703774607781565,10.450916793984774,19.10305277773339
4.0,0.0,1.46,-5.751479350027644,0.3377316311913772,-3.0278307598818266,0.24662747871936058,1.2479649040071243,0.5942279380170371,-0.0997817204573622,0.01689322519828673,10.885881850727037,14.763142973435091,18.046240927277054
4.0,0.0,1.46,-9.441739644123608,0.19126649277637303,-0.7645690222077484,0.08508170103596747,1.1231617361478206,1.474299333786314,-0.6126138686809471,0.7994870696144047,15.127101642046515,11.630535626764892,-5.7423617827790085
4.0,0.0,1.46,-7.815090449535873,-0.2094026760214786,-1.594570738351564,-0.11253756370055087,1.313483596005673,0.9194228207753152,-0.6506059937592948,0.79602496165992,19.98711222654795,16.333921546992308,6.358819346416659
4.0,0.0,1.46,-6.77774492459239,0.03257277861204023,-2.2386320367410306,0.020184540978251165,1.349324199385955,0.5883206304017908,-0.35812881330497265,0.6256176866014733,12.585710232447061,15.968598966805295,-3.1161488711391847
4.0,0.0,1.46,-7.687852232996626,-0.3779748161600415,-1.667487764720157,-0.20649385286810978,1.320297867480786,0.8531447406724039,-0.7556779557127838,0.7944621710259447,14.238955279692844,16.336655807158316,-14.956187604257853
4.0,0.0,1.46,-7.687852232996626,-0.3779748161600415,-1.667487764720157,-0.20649385286810978,1.320297867480786,0.8687930926657892,-0.7642559158064149,0.8061125176049679,14.238955279692844,16.336655807158316,-14.956187604257853
4.0,0.0,1.46,-5.483777210516827,-0.4674658047131384,-3.26974112247461,-0.35802993163723773,1.1982281038732912,0.5946358794719304,-0.7610355078904418,0.5859823742006549,12.264958189583243,9.927609265943845,-14.202395131474788
4.0,0.0,1.46,-6.930598572781577,-0.286265290904009,-2.1357764497215292,-0.17347913158881634,1.3465145890300412,0.5943024447068685,-0.600369750766742,0.5664248631158793,12.41977770783212,7.298824374872197,14.281213853165497
4.0,0.0,1.46,-5.894035175610988,-0.13097929310338316,-2.906044899682758,-0.09333385611788167,1.2775206424240142,0.5939606780618094,-0.5185528647709502,0.036099412610131124,18.0711630573018,6.287033169491565,-1.6627296183907418
4.0,0.0,1.46,-5.688351373563272,-0.010843559672074975,-3.0832808612166573,-0.008006353270365238,1.2396917754823902,0.5930339763795285,-0.2299129731419544,0.04462452842240765,12.751223046104666,8.795979423034996,11.835626205225992
4.0,0.0,1.46,-7.025194788046498,-0.17106014654263302,-2.0736744422389286,-0.10226799927334676,1.345010226260184,0.6254576710968802,-0.46613700998987095,0.8111551264941155,17.263274729701344,9.99046399424564,0.21689836045695543
4.0,0.0,1.46,-5.620023554952489,-0.3344067133479664,-3.1443660237490967,-0.2499114429553903,1.2284913710269174,0.5889153109954491,0.2852186337179331,0.12207785228151555,12.470499363407,10.066078147439361,18.63330158278376
4.0,0.0,1.46,-9.462752783753636,-0.017669211389072473,-0.7548066815519405,-0.007842399514178883,1.120289421692899,1.3509251641855986,-0.7301715780560942,0.7990855552253453,15.655608495273627,12.306377705747266,-14.658277968061771
4.0,0.0,1.46,-9.010496154513561,0.4173431829654733,-0.9694051305024587,0.19453327967705197,1.2100718058100628,1.387766464967283,-0.4075655712186512,0.7942651066316627,17.53350500807405,17.572097895325612,-17.654943482733167
4.0,0.0,1.46,-9.010496154513561,0.4173431829654733,-0.9694051305024587,0.19453327967705197,1.2100718058100628,1.408510997216267,-0.41559402690130265,0.8045444584678363,17.53350500807405,17.572097895325612,-17.654943482733167
4.0,0.0,1.46,-7.002724223082559,-0.04689113324730807,-2.088326068926083,-0.028123734901558187,1.345762470379415,0.5916567986075901,-0.4297670084235459,0.7022295812544305,12.290872261457658,17.052680843284655,17.41671881504905
4.0,0.0,1.46,-5.717794815738948,-0.408808276299908,-3.057288100767952,-0.30028967736536644,1.249143953755155,0.6744732893613034,-0.5890833878276551,0.7868585913787391,12.168688389357094,19.853650318813965,18.752810771642686
4.0,0.0,1.46,-5.717794815738948,-0.408808276299908,-3.057288100767952,-0.30028967736536644,1.249143953755155,0.7075936148932255,-0.6004008176420127,0.804164826927242,12.168688389357094,19.853650318813965,18.752810771642686
4.0,0.0,1.46,-6.7592947203761256,-0.10091009655952925,-2.25126300610464,-0.06270216392139193,1.3491013925989426,0.587472557875267,-0.464874419745703,0.6334610587103252,19.427556647790233,13.537807036668692,-19.036975179937116
4.0,0.0,1.46,-8.791395940880946,0.3668316096132111,-1.0770875195520269,0.17525007072097593,1.2361194964658224,1.3018722257733222,-0.4104157809073464,0.7963972789237093,16.449202934638304,13.661712141916368,5.5153618707180065
4.0,0.0,1.46,-9.430847689200874,0.33326736382774336,-0.7696341590497546,0.14841963036677225,1.1243428418599122,1.4885074792772297,-0.533643627753173,0.8024998589502158,17.727103490423517,18.27730437186541,6.25448641219527
4.0,0.0,1.46,-6.563431909366635,-0.08451521265619145,-2.388415995332558,-0.05408205616476912,1.349728924548935,0.5960383557081008,-0.4232336717487804,0.3903297450098313,19.347765215783618,17.939442631536547,15.971404687247855
4.0,0.0,1.46,-6.563431909366635,-0.08451521265619145,-2.388415995332558,-0.05408205616476912,1.349728924548935,0.5837314326748981,-0.4294083963203304,0.3728327199922312,19.347765215783618,17.939442631536547,15.971404687247855
4.0,0.0,1.46,-6.4622368032929955,-0.3096870833331687,-2.4615732612364027,-0.20127485104484433,1.3483786873036867,0.5890949195645263,-0.6546544662244232,0.5751737543549852,14.352025625548182,9.260070996315417,10.879615258639845
4.0,0.0,1.46,-8.482871922405941,0.013057568040128639,-1.2334662338496116,0.0064650022150736265,1.2651642233585085,1.1585552514350645,-0.5941742323994588,0.7941286909611898,10.70686789149949,5.664137267559138,-9.22222909463493
4.0,0.0,1.46,-8.482871922405941,0.013057568040128639,-1.2334662338496116,0.0064650022150736265,1.2651642233585085,1.1768592930579473,-0.6025534675587917,0.8049581842188774,10.70686789149949,5.664137267559138,-9.22222909463493
4.0,0.0,1.46,-6.403035553088827,0.254288473513666,0.8886167919189347,0.16679769773294292,0.9297305760007923,0.6126832509985489,-0.09079853825708209,0.7973519419105035,13.427255684422322,6.954349820214354,19.11375265233641
4.0,0.0,1.46,-9.01034002110805,0.43750828582143136,-0.9694801006486031,0.20393623283309126,1.2098719745935171,1.390093802682177,-0.3925855967645095,0.7985587277603203,15.51951013726666,12.582347104449578,12.8633485089333
4.0,0.0,1.46,-7.191890774832963,0.11595099731490728,-1.9669286257494534,0.0677143471681717,1.3413406219612787,1.2219968768725145,-0.4900459429559785,0.8005083351349344,16.402261084475835,18.878147912512205,-10.418834411598453
4.0,0.0,1.46,-5.956235864269885,-0.3757464297516668,-2.8542966309526996,-0.26495508924082006,1.2906124080918526,0.594609306227398,-0.42450817677449465,0.4587945640237951,18.32513847407581,19.573396484229377,-17.051510722425327
4.0,0.0,1.46,-6.840105800155882,-0.3942501793407849,-2.1962765920221905,-0.2420796990002056,1.3242548847577793,1.4298172240453881,-0.7706036198829981,0.8004262116626177,13.397618026537955,16.726538961054366,14.364827883665768
4.0,0.0,1.46,-9.03891634104486,0.38270766700334113,-0.9556276794472396,0.17782797635985503,1.2133339360249118,1.248962643865302,-0.3549065125380878,0.7976249227432824,11.439164596678943,7.276346477991069,18.363480848814767
4.0,0.0,1.46,-6.271250366494492,-0.1610106498676935,-2.604290709429442,-0.10783251982049641,1.2895814320929626,0.5960987338983236,-0.5292877791015435,0.4227224676181058,14.113331106557697,12.343915044198134,-7.026865496679546
4.0,0.0,1.46,-6.271250366494492,-0.1610106498676935,-2.604290709429442,-0.10783251982049641,1.2895814320929626,0.5836501445970144,-0.5365089598427688,0.4050944715601882,14.113331106557697,12.343915044198134,-7.026865496679546
4.0,0.0,1.46,-5.482274567145815,-0.38417779287921705,-3.2711592248136334,-0.294320671161269,1.1160293215701094,0.5790853207524195,-0.6115399944005178,0.524553191368753,17.123071366256937,11.686865542270553,6.0072754077974935
4.0,0.0,1.46,-8.43730318156986,-0.3660940164578101,-1.2570654946143733,-0.18223771696167906,1.2707108021276425,1.3218897736024309,-0.7247786848186146,0.7947323225171747,12.986399416473752,14.895093178985153,17.062530819526906
4.0,0.0,1.46,-5.100097247819981,-0.18790912452318706,-3.6513406628884226,-0.15474574006108105,0.9808764718894443,0.5873115722633293,-0.515562723382573,0.17508604652209364,12.420631188859666,12.029818327916628,-16.83172824339454
4.0,0.0,1.46,-6.404097683568182,-0.34251012282199755,-2.5043576794492495,-0.22462844680577615,1.3123379500295835,0.5928619583136742,-0.6820312582501681,0.3970280919895175,15.545392365924151,5.74799545228049,4.955609965868511
3.0,0.0,1.46,-4.4916436829516115,0.143157427724658,-2.9065985760175117,0.1019902292022127,1.3720038484192176,0.6462413906085726,-0.185446325986942,0.8063434405752863,12.695363119220552,15.67216402467008,-16.13555618234974
3.0,0.0,1.46,-7.911429724397081,-0.21508236854682627,-0.3448808367000211,-0.08699610605493885,0.3183151571295335,0.8086633642101552,-0.6429638513495436,0.8032848270728282,17.89653909473958,17.945240616352283,-13.753761733449746
3.0,0.0,1.46,-4.6717823050907725,-0.1710021771721451,-2.7143022857885946,-0.11713023664535502,1.3984498383993726,1.236642520036935,-0.5904197345147152,0.808476797545284,17.313377377728806,10.246081623019611,-10.280687371965854
3.0,0.0,1.46,-5.704916470144639,-0.07382691310608959,-1.787076276477304,-0.04141096949899725,1.2455672077653475,1.0610896869775719,-0.6826904025397569,0.7965585610989102,19.596736271873375,13.416053371834037,-11.869207468725126
3.0,0.0,1.46,-5.1984395240496895,-0.36758454194583584,-2.209600577425288,-0.22627377480970218,1.3661380218575325,0.5879370717660806,-0.6947909620350552,0.3472526302907373,12.614456992994864,8.555198302600825,6.505083597606756
3.0,0.0,1.46,-3.8747381173821083,-0.21124271074292295,-3.6680898981828136,-0.174457383673213,1.224170400620244,0.5950043501610026,0.40602816878813586,0.4738462378002453,1.8148425295662989,0,0
3.0,0.0,1.46,-4.793878106238694,-0.2703802218912418,-2.5901652165024736,-0.18048366914586156,1.4015872977559762,0.5835768735456475,-0.5221948235988885,0.5507616382581336,13.52621792988294,0,0
3.0,0.0,1.46,-4.793878106238694,-0.2703802218912418,-2.5901652165024736,-0.18048366914586156,1.4015872977559762,0.9739975480446009,0.6059957633916515,0.7980104216099969,13.52621792988294,0,0
3.0,0.0,1.46,-5.224268766063922,-0.2560390390195874,-2.186736879707478,-0.15683054635031285,1.3645058553195928,0.5965845312694305,-0.6044343651791376,0.5819929029892447,-19.48638018361876,0,0
3.0,0.0,1.46,-5.224268766063922,-0.2560390390195874,-2.186736879707478,-0.15683054635031285,1.3645058553195928,0.5869293209911326,-0.6105538023631432,0.5659619192385656,-19.48638018361876,0,0
3.0,0.0,1.46,-5.224268766063922,-0.2560390390195874,-2.186736879707478,-0.15683054635031285,1.3645058553195928,0.8049055724048733,0.13790157449847348,0.7973456396322205,-19.48638018361876,0,0
3.0,0.0,1.46,-5.224268766063922,-0.2560390390195874,-2.186736879707478,-0.15683054635031285,1.3645058553195928,0.9660867731707747,0.43925907703071937,0.7966411104308574,-19.48638018361876,0,0
3.0,0.0,1.46,-5.224268766063922,-0.2560390390195874,-2.186736879707478,-0.15683054635031285,1.3645058553195928,1.0747190121469128,0.642366760040737,0.795634406430584,-19.48638018361876,0,0
3.0,0.0,1.46,-5.467562125773107,-0.2410617651291937,-1.9786124211498013,-0.14108621551407524,1.3249752524270457,0.5869493472238836,-0.5609772676838297,0.6463356145406085,-16.550510802235618,0,0
3.0,0.0,1.46,-5.297111093625695,0.4945320163977223,-2.1230497694273787,0.29874820907136035,1.3626774120769247,0.5914546382159381,0.00622936892295744,0.5332675405853559,5.086955199125292,0,0
3.0,0.0,1.46,-4.770301887147674,-0.3352367896149758,-2.6137633957244866,-0.22488256553703379,1.4007245987106918,0.5897735051564367,-0.7164357123101477,0.028534149622268794,-4.262260866287972,0,0
3.0,0.0,1.46,-6.709319094605419,-0.3646864325071365,0.2984875371946494,-0.17393666444649386,0.12880121895578178,0.5918071015219866,-0.185434549221351,0.008992272489099668,-1.4206359808924027,0,0
3.0,0.0,1.46,-4.179074307616446,-0.22541018406500743,-3.270094138477546,-0.1726010441339646,1.313854235607757,1.3584856392432232,-0.05884942071020754,0.7975031327733918,-2.2796958235749507,0,0
3.0,0.0,1.46,-4.179074307616446,-0.22541018406500743,-3.270094138477546,-0.1726010441339646,1.313854235607757,1.8882000773114245,0.11241933872679205,0.7984055939507563,-2.2796958235749507,0,0
3.0,0.0,1.46,-4.822078821523164,-0.03585344545506034,-2.562164007784631,-0.023792855675460044,1.4031768560399522,1.1415486291220651,0.0029765627986431437,0.8014497355568891,10.669075134651532,0,0
3.0,0.0,1.46,-4.822078821523164,-0.03585344545506034,-2.562164007784631,-0.023792855675460044,1.4031768560399522,2.392607132882241,0.023890052791693348,0.7989762821063374,10.669075134651532,0,0
1.25,0.0,0.8362,-3.0044192439464013,0.2575701744227543,3.6195377444420096,0.22461374468537898,1.2271377389728901,-1.2167718590446197,0.053537252325816145,0.8047750093202387,-7.745340116835955,0,0
1.25,0.0,0.8362,-3.0044192439464013,0.2575701744227543,3.6195377444420096,0.22461374468537898,1.2271377389728901,-1.1816787016587695,0.005392281930103256,0.8028210870803206,-7.745340116835955,0,0
1.25,0.0,0.8362,-3.0044192439464013,0.2575701744227543,3.6195377444420096,0.22461374468537898,1.2271377389728901,-1.1816703243254745,0.00538078890713169,0.7991506559623073,-7.745340116835955,0,0
1.25,0.0,0.8362,-3.0044192439464013,0.2575701744227543,3.6195377444420096,0.22461374468537898,1.2271377389728901,-1.1816668778425015,0.005376060611548193,0.7974605794731835,-7.745340116835955,0,0
1.25,0.0,0.8362,-3.152465442960999,0.1801162260918634,3.1364907178873924,0.14969379392068416,1.1426883832977657,-0.8359398849507835,-0.11753181398169203,0.7941770178480542,-12.304531326669053,0,0
1.25,0.0,0.8362,-3.152465442960999,0.1801162260918634,3.1364907178873924,0.14969379392068416,1.1426883832977657,-0.8326115294569311,-0.11921074031430477,0.8054930937843056,-12.304531326669053,0,0
1.25,0.0,0.8362,-3.152465442960999,0.1801162260918634,3.1364907178873924,0.14969379392068416,1.1426883832977657,-0.40371919601759854,-0.3355574117552061,0.7972319385780212,-12.304531326669053,0,0
1.25,0.0,0.8362,-3.152465442960999,0.1801162260918634,3.1364907178873924,0.14969379392068416,1.1426883832977657,-0.14053022732462564,-0.46831813722696775,0.7979185899626313,-12.304531326669053,0,0
1.25,0.0,0.8362,-2.977833064829678,0.32130620829814965,3.7214566961471363,0.28269625845843094,1.23988194379979,-1.2859902359962367,0.14521656768723643,0.7962771015779821,-4.463123455833751,0,0
1.25,0.0,0.8362,-2.977833064829678,0.32130620829814965,3.7214566961471363,0.28269625845843094,1.23988194379979,-1.2859862659605137,0.14520883867406353,0.8012040639965383,-4.463123455833751,0,0
1.25,0.0,0.8362,-2.977833064829678,0.32130620829814965,3.7214566961471363,0.28269625845843094,1.23988194379979,-1.2859847042636563,0.14520579830450553,0.8015383097045322,-4.463123455833751,0,0
1.25,0.0,0.8362,-2.872954812855397,0.07955000747917768,4.182978861553792,0.07254587460367962,1.2388494884753296,-1.334844560656968,0.5955120368775945,0.8038801376561417,-14.329062964393376,0,0
1.25,0.0,0.8362,-3.0256584911664675,-0.2509981734135316,3.5418386695062054,-0.2173461467192636,1.2158025805280503,-0.8519800649335456,0.013800582636992577,0.7985462585944956,3.366316457376776,0,0
1.25,0.0,0.8362,-3.115351120373866,0.40168488235374733,3.245746046811071,0.33781565900684746,1.1630189924563799,1.1357274593090543,-0.32383647760751066,0.7996105170225789,-16.207312553517905,0,0
1.25,0.0,0.8362,-2.8321844114483063,-0.4252090235558148,4.393156893202326,-0.39335279059266465,1.2306255915443405,-1.0996476631921908,-0.755595236731843,0.8061183450174053,2.0051321431788516,0,0
1.25,0.0,0.8362,-2.8563332443070344,-0.12907878562220257,4.266307777176435,-0.11839879643042736,1.2482300148244465,-1.1568613082272579,-0.33080019002978645,0.7938611574678387,-18.448245085764153,0,0
1.25,0.0,0.8362,-2.8563332443070344,-0.12907878562220257,4.266307777176435,-0.11839879643042736,1.2482300148244465,-1.1566405530306527,-0.3310767206701663,0.8080115849363201,-18.448245085764153,0,0
1.25,0.0,0.8362,-2.8563332443070344,-0.12907878562220257,4.266307777176435,-0.11839879643042736,1.2482300148244465,-1.121746854377887,-0.37478657204427884,0.8003624461497406,-18.448245085764153,0,0
1.25,0.0,0.8362,-2.8563332443070344,-0.12907878562220257,4.266307777176435,-0.11839879643042736,1.2482300148244465,-1.1217350784277742,-0.3748013232758592,0.8027912850637002,-18.448245085764153,0,0
1.25,0.0,0.8362,-2.8939923820568048,0.2317600649265567,4.081863506548888,0.209817888212969,1.2495610288616286,-0.3421827366432523,-0.047286788349509674,0.7979383210978671,19.748540469587475,0,0
1.25,0.0,0.8362,-3.0550045433344053,0.5018727840882802,3.439488656741485,0.43041071646856877,1.1984618173183226,-0.9902381215396507,0.30498153381674054,0.7962070146145174,-16.931590812499962,0,0
1.25,0.0,0.8362,-3.0550045433344053,0.5018727840882802,3.439488656741485,0.43041071646856877,1.1984618173183226,-0.7539449366404332,0.2267333321435639,0.8009166572087636,-16.931590812499962,0,0
1.25,0.0,0.8362,-2.8308311944896047,0.4187480339412614,4.400484220095775,0.387561028386899,1.2279668474711625,1.254141273762743,-0.5102744144008955,0.794828639534822,-9.749963111419152,0,0
1.25,0.0,0.8362,-2.971205949885505,0.08607098490131336,3.7477433928131276,0.07589712199187366,1.2425152015796659,-1.3147709814389443,-0.14714908468599416,0.8055104752760984,-14.506507444337409,0,0
1.25,0.0,0.8362,-2.971205949885505,0.08607098490131336,3.7477433928131276,0.07589712199187366,1.2425152015796659,-1.307320815906918,-0.2075345637503317,0.7979773680463288,-14.506507444337409,0,0
1.25,0.0,0.8362,-2.971205949885505,0.08607098490131336,3.7477433928131276,0.07589712199187366,1.2425152015796659,-1.307320465576813,-0.2075374032646185,0.7942107108324599,-14.506507444337409,0,0
1.25,0.0,0.8362,-2.971205949885505,0.08607098490131336,3.7477433928131276,0.07589712199187366,1.2425152015796659,-1.307320464006402,-0.20753741599319797,0.8023882774957074,-14.506507444337409,0,0
1.25,0.0,0.8362,-2.971205949885505,0.08607098490131336,3.7477433928131276,0.07589712199187366,1.2425152015796659,-1.3073203148682604,-0.2075386247957704,0.7968683351418155,-14.506507444337409,0,0
1.25,0.0,0.8362,-2.972018989744729,-0.3727397386337525,3.744467086239487,-0.3285908059774245,1.2419703565082407,-1.3975903681645137,-0.7292935671208483,0.7851492313769911,-19.37372971955291,0,0
1.25,0.0,0.8362,-2.8735464169932357,-0.1471930930510084,4.180065737702394,-0.13420555920484015,1.2384581505151582,-0.6954480911052133,-0.8042517554668205,0.7651488071338547,1.0552059970030783,0,0
1.25,0.0,0.8362,-3.1500179551208696,0.027076248846404354,3.143491890618284,0.022520434165226012,1.1444383385403307,1.3366260158048102,-0.6132221231512777,0.7956781098685836,-19.06588938776824,0,0
1.25,0.0,0.8362,-3.190781848261608,-0.33512338042520734,3.0306512060382396,-0.2751749566308976,1.1242213003952284,-0.8807191026843423,-0.6927575218828794,0.7940080060020294,-9.453598992588566,0,0
1.25,0.0,0.8362,-3.190781848261608,-0.33512338042520734,3.0306512060382396,-0.2751749566308976,1.1242213003952284,-0.8774265237925665,-0.6956778196070031,0.8047650952991287,-9.453598992588566,0,0
1.25,0.0,0.8362,-3.1063131258222754,-0.18437216996265357,3.2734762742675905,-0.155507531190785,1.1693600185076274,-0.9115326940701524,-0.5288637740944113,0.798129919043843,18.293424500599556,0,0
1.25,0.0,0.8362,-3.0621100464402495,-0.29235367125950057,3.4155938717769185,-0.25014340016628067,1.1950713539682007,-1.1201351747297401,-0.6498706167916755,0.7990342482206321,18.60020208772974,0,0
1.25,0.0,0.8362,-2.8642627725583836,-0.28214397565864396,4.226140991325549,-0.2580828907556454,1.2463006928857014,-1.1186244993161072,-0.4625495706291127,0.8033717951451326,-12.505189173372436,0,0
1.25,0.0,0.8362,-2.8642627725583836,-0.28214397565864396,4.226140991325549,-0.2580828907556454,1.2463006928857014,-1.0536472430369228,-0.5283508489704355,0.7944129067828674,-12.505189173372436,0,0
1.25,0.0,0.8362,-2.8642627725583836,-0.28214397565864396,4.226140991325549,-0.2580828907556454,1.2463006928857014,-1.053646887699512,-0.5283512088141286,0.8054981160184205,-12.505189173372436,0,0
1.25,0.0,0.8362,-2.83645497196483,-0.06845792080992853,4.370246000550768,-0.06323377395191615,1.2360113149780103,-0.28837740415122004,-0.6295787103234586,0.7942276773092293,-1.2833120290353506,0,0
1.25,0.0,0.8362,-2.83645497196483,-0.06845792080992853,4.370246000550768,-0.06323377395191615,1.2360113149780103,-0.2850810978335957,-0.6314100451641241,0.8107256514054623,-1.2833120290353506,0,0
1.25,0.0,0.8362,-2.936236633075797,-0.10606650960882022,3.8923582915183985,-0.09464300392029586,1.2523848403952218,-0.5038460911003543,-0.6267291842726433,0.8060547235985125,3.3957861591736425,0,0
1.25,0.0,0.8362,-3.1637893395603456,-0.27043873879337954,3.104497319154369,-0.2239559653289424,1.1378924560994867,-0.8972955033171536,-0.6429819705681628,0.7992868347932396,17.08946933829357,0,0
1.25,0.0,0.8362,-3.0546314036177336,-0.22002057676448003,3.440804981268597,-0.188714720355529,1.199333236441793,-1.1038196175367863,-0.5612963571722125,0.8024436950289299,-3.288573372290795,0,0
1.25,0.0,0.8362,-3.0171152769443843,-0.2495122895722204,3.5727097209073033,-0.21667126996263847,1.2204659536930713,-1.3393592335738687,-0.5506652478425051,0.8020340393689976,-18.739498100232517,0,0
1.25,0.0,0.8362,-3.0171152769443843,-0.2495122895722204,3.5727097209073033,-0.21667126996263847,1.2204659536930713,-1.3337860021694314,-0.7442415751208784,0.7937713020526262,-18.739498100232517,0,0
1.25,0.0,0.8362,-3.0171152769443843,-0.2495122895722204,3.5727097209073033,-0.21667126996263847,1.2204659536930713,-1.3337714725198255,-0.7447462367800262,0.803829509099566,-18.739498100232517,0,0
1.25,0.0,0.8362,-2.9787323840491453,-0.2016392790295649,3.7179367729068957,-0.17735561404791977,1.2392950435730539,-1.3261470564703894,-0.52696757154874,0.7948647554287971,-17.432839466451718,0,0
1.25,0.0,0.8362,-2.9787323840491453,-0.2016392790295649,3.7179367729068957,-0.17735561404791977,1.2392950435730539,-1.3060701558715135,-0.7047504186880194,0.8024137112419192,-17.432839466451718,0,0
1.25,0.0,0.8362,-3.062368172568082,0.07515049664645937,3.4147499923470637,0.06429478433633579,1.1945477942776512,-1.0820164106343562,-0.20563181264029104,0.8032478110033353,-14.156034989887498,0,0
1.25,0.0,0.8362,-3.062368172568082,0.07515049664645937,3.4147499923470637,0.06429478433633579,1.1945477942776512,-0.9064708878513845,-0.373344475019663,0.7957318304116802,-14.156034989887498,0,0
1.25,0.0,0.8362,-2.975944902986587,-0.018546512381220393,3.7289308246411146,-0.016328213062692054,1.24054425213926,-1.296125337719859,-0.281930037673168,0.8024905333553068,2.5621397486625312,0,0
1.25,0.0,0.8362,-2.975944902986587,-0.018546512381220393,3.7289308246411146,-0.016328213062692054,1.24054425213926,-1.28001805373575,-0.38712980612920206,0.7990348348966555,2.5621397486625312,0,0
1.25,0.0,0.8362,-2.8750242481942223,-0.24060055282164838,4.172806286189781,-0.21925848061582467,1.2392955319587067,-0.9936012028492198,-0.5101246858678797,0.805077346378743,18.000480732712887,0,0
1.25,0.0,0.8362,-2.8750242481942223,-0.24060055282164838,4.172806286189781,-0.21925848061582467,1.2392955319587067,-0.8291352825945665,-0.6697679874021696,0.7962774156135008,18.000480732712887,0,0
1.25,0.0,0.8362,-2.8638030914835255,-0.2886293127899135,4.228447466338929,-0.2640575400447093,1.246541815050884,-0.7672512846390058,-0.4318776132205781,0.7978996449309769,11.850035832839112,0,0
1.25,0.0,0.8362,-2.8638030914835255,-0.2886293127899135,4.228447466338929,-0.2640575400447093,1.246541815050884,-0.40897478042727364,-0.5426680273118374,0.7995435093695221,11.850035832839112,0,0
1.25,0.0,0.8362,-3.213402805049821,0.573925013938318,2.9712026663249347,0.4679411912367083,1.1043663298989985,-0.49374230634447525,0.2576100868449676,0.7984860759765736,14.418731996228715,0,0
1.25,0.0,0.8362,-3.213402805049821,0.573925013938318,2.9712026663249347,0.4679411912367083,1.1043663298989985,0.24033486210979318,0.08247177503640955,0.7955295319318243,14.418731996228715,0,0
1.25,0.0,0.8362,-3.213402805049821,0.573925013938318,2.9712026663249347,0.4679411912367083,1.1043663298989985,0.7407353186889619,-0.036915252594542876,0.7946807324685309,14.418731996228715,0,0
1.25,0.0,0.8362,-3.213402805049821,0.573925013938318,2.9712026663249347,0.4679411912367083,1.1043663298989985,1.0825852011725563,-0.1184748132006718,0.8003347924186668,14.418731996228715,0,0
1.25,0.0,0.8362,-2.8903149710150977,0.45752482037767056,4.099151631124691,0.4147350864561658,1.2484236562839581,-0.8471268759008489,-0.04107048440367634,0.798811191911138,-16.277966016150476,0,0
1.25,0.0,0.8362,-3.111599509028391,-0.19913498050665465,3.257219236917601,-0.16767377916522058,1.1663735985754242,-0.9725231779561538,-0.5579558245854407,0.8046551145103055,-5.323923387193403,0,0
1.25,0.0,0.8362,-3.0278853673013195,0.4989042105410448,3.5338271443019753,0.4316970007297699,1.2142560314382118,2.736344570275556,-0.6194671928670168,0.7579862757119751,-5.363718685494776,0,0
1.25,0.0,0.8362,-2.9860752564692206,-0.3857588921526653,3.6892676432236637,-0.33846712176806815,1.2360008795419513,0.9026176886853795,-1.2886796290049358,0.7480032532096977,-0.4474232632335102,0,0
1.25,0.0,0.8362,-2.8847400256972833,-0.2858511548584376,4.125737324808627,-0.2596178577818566,1.2450037701515553,1.4216879602258392,-1.3212963651689555,0.746400439005462,4.516576010001501,0,0
1.25,0.0,0.8362,-3.119437893177235,0.5040275532616108,3.233343024980977,0.4233301751042079,1.1604425291077063,2.8305481998422075,-0.019422752927653723,0.7578322325040141,-18.15741648383446,0,0
1.25,0.0,0.8362,-3.1933394870246268,-0.03181704036945372,3.0238486801566378,-0.026104536052832732,1.1218914727483909,6.679310379090267,-3.1550626498153127,0.7593815567786162,9.695373062816046,0,0
1.25,0.0,0.8362,-3.2032555296514253,-0.6732349485902777,2.997552087636217,-0.5506509077964412,1.1192312139724025,1.7878979184086141,-1.9732448856521667,0.7562271019445952,-17.00964389610899,0,0
